R,F,M
4720,2,401.9
4398,6,2780.6600000000003
4455,4,1632.4
4407,21,124914.53
4478,2,386.2
4545,2,1760.96
4418,13,5447.17
4467,2,806.14
4455,5,373.65
4384,2,1168.06
4435,3,2662.06
4740,1,277.2
4694,1,364.6
4408,1,742.93
4600,3,562.41
4610,1,437.98
4517,1,707.09
4664,1,166.04
4644,1,1542.08
4409,2,1568.23
4587,1,89.0
4597,1,459.4
4670,1,189.9
4386,10,5226.23
4390,4,1313.1
4464,2,852.24
4404,4,2724.81
4567,5,1850.56
4462,1,549.84
4600,1,381.08
4402,12,3018.63
4418,2,2409.9
4502,4,1108.65
4686,1,84.3
4706,1,225.6
4432,5,1708.12
4415,5,2888.5499999999997
4386,8,3212.8
4383,8,1859.31
4443,2,972.78
4626,1,476.49
4405,4,4067.29
4436,4,1344.78
4393,8,1212.05
4400,2,742.1899999999999
4666,1,559.12
4440,2,2218.02
4621,1,1143.6
4653,1,140.54
4602,1,534.24
4530,3,2940.04
4489,1,51.56
4587,2,1589.82
4493,1,1432.0
4491,3,2362.96
4387,5,1257.68
4748,1,363.53
4464,2,1890.94
4680,1,1784.71
4416,8,8137.02
4439,3,1621.88
4440,4,6641.53
4674,2,641.38
4434,3,3264.74
4404,1,443.41
4446,1,600.39
4678,2,1698.9
4449,2,392.7
4688,1,181.6
4446,2,826.74
4387,1,168.89999999999998
4454,3,1298.04
4446,1,891.4
4432,1,427.7
4405,2,3616.55
4457,3,1226.88
4392,3,3312.42
4462,2,7829.89
4442,2,384.81
4524,4,1300.25
4458,4,2101.56
4393,2,457.5
4531,1,1710.39
4408,9,7956.46
4621,2,511.36
4390,1,144.0
4422,1,214.89999999999998
4392,2,1270.88
4440,1,640.5
4391,9,4881.88
4441,1,620.13
4390,8,2340.84
4449,3,758.1
4384,18,4951.41
4749,1,173.55
4392,3,1298.66
4719,1,334.93
4388,10,5417.93
4421,1,522.8000000000001
4548,2,433.74
4398,7,1246.1000000000001
4615,1,73.5
4409,2,410.6
4667,1,176.5
4495,1,612.29
4402,11,1789.77
4413,1,349.83000000000004
4474,2,716.35
4426,3,12601.830000000002
4391,10,3692.28
4391,7,3781.7400000000002
4644,1,456.9
4405,10,9401.28
4422,2,519.61
4610,1,166.84
4698,1,218.45000000000002
4418,3,639.2
4461,1,440.42
4385,15,7281.38
4411,2,646.68
4491,3,418.09999999999997
4392,8,3023.08
4412,7,1032.58
4441,1,153.12
4462,2,254.18
4385,4,2291.19
4478,2,713.3
4412,1,366.43
4397,3,1339.41
4489,2,641.13
4450,8,6030.3
4406,3,1174.58
4511,6,3344.64
4386,1,314.44
4717,1,114.0
4714,1,919.98
4400,5,4051.17
4394,4,1643.18
4412,1,91.68
4394,1,245.1
4533,3,2744.0299999999997
4393,5,2996.05
4712,1,225.9
4421,4,1970.6
4425,12,17628.46
4441,4,1113.02
4383,4,880.81
4397,22,13787.54
4386,31,12279.82
4387,15,8476.57
4390,7,2283.63
4411,6,2863.08
4754,1,89.14
4408,2,1247.61
4588,1,389.01
4411,6,1035.8
4453,2,869.67
4390,4,582.1
4390,4,4939.99
4674,1,603.4200000000001
4392,5,4708.86
4386,2,1053.49
4454,1,238.25
4388,2,644.95
4414,6,2656.13
4468,4,997.63
4386,5,725.07
4388,4,1031.41
4411,7,2609.1
4393,7,3980.7000000000003
4454,4,836.33
4496,1,453.01
4406,12,18895.91
4562,1,236.26000000000002
4735,1,110.39999999999999
4698,2,779.5699999999999
4715,1,234.0
4446,1,427.6
4398,3,4238.67
4577,1,582.73
4404,3,825.8
4570,2,729.54
4385,30,19788.649999999998
4415,7,6572.11
4412,5,5955.7699999999995
4400,18,7324.09
4436,1,723.38
4398,11,6941.4
4405,6,13219.74
4394,1,527.2
4411,4,3281.63
4405,10,5579.82
4446,2,263.21000000000004
4464,1,1043.1
4404,3,403.70000000000005
4406,11,4257.82
4719,1,2169.39
4401,2,482.04999999999995
4460,2,1312.06
4411,5,2528.15
4383,5,2056.89
4446,1,330.84
4462,5,2634.2599999999998
4525,1,599.68
4422,2,192.72
4392,8,4485.72
4383,3,1316.66
4464,3,348.71000000000004
4392,6,1933.48
4442,4,1662.28
4397,1,125.22
4513,1,1089.18
4693,2,561.71
4388,3,2134.01
4685,1,238.85
4469,1,351.65
4385,32,4124.69
4391,2,1020.42
4629,1,415.7
4422,1,197.71
4617,2,2040.1
4594,2,9864.26
4475,2,437.6
4411,10,2599.04
4572,5,577.06
4404,1,739.1999999999999
4461,3,1126.85
4457,1,704.0400000000001
4440,5,3344.38
4660,1,315.6
4399,9,3641.24
4384,20,13689.67
4615,1,180.1
4659,1,305.1
4594,2,2683.82
4406,9,6620.4800000000005
4393,7,4478.53
4387,3,786.46
4441,4,2163.98
4472,2,1689.18
4408,3,1013.26
4512,1,477.91
4416,4,1775.18
4405,12,3722.82
4537,1,318.05
4490,3,623.51
4393,5,601.98
4401,1,686.05
4383,11,3849.78
4707,1,63.0
4394,4,3807.15
4388,2,610.52
4510,4,855.91
4462,2,797.71
4402,1,219.0
4454,1,283.55
4398,9,6868.29
4412,10,2712.91
4398,15,9706.52
4479,3,1149.02
4411,13,4396.13
4383,1,848.55
4385,25,5781.73
4755,1,155.35
4411,3,1499.01
4566,3,814.5
4425,3,539.0
4422,4,1366.8600000000001
4475,2,1579.12
4405,4,4027.36
4406,2,571.67
4412,2,382.98
4399,2,481.11
4386,1,680.99
4534,2,1030.98
4702,1,2661.24
4663,1,387.31
4385,7,4310.0
4544,4,4341.21
4392,55,117430.03
4384,201,143711.17
4401,1,1757.55
4650,1,1017.68
4736,1,383.7
4421,2,437.82
4404,2,2794.51
4386,9,2338.15
4400,1,196.94
4700,1,452.85
4420,10,3338.2200000000003
4405,5,2099.54
4435,1,1193.32
4404,1,177.31
4754,1,427.8
4399,2,867.85
4405,6,21429.39
4618,3,3010.74
4663,2,3811.95
4469,1,112.07999999999998
4521,2,494.08
4593,1,1351.45
4393,3,6977.04
4427,1,229.64000000000001
4699,1,1693.88
4749,4,1661.06
4499,1,905.5
4405,4,1820.09
4435,3,1531.44
4400,5,1386.04
4402,6,822.23
4392,3,463.66
4448,1,91.85000000000001
4575,1,324.92
4756,1,192.60000000000002
4569,1,427.58
4384,73,280206.02
4693,1,334.4
4419,8,4186.639999999999
4387,5,1845.31
4426,1,256.4
4425,5,5059.32
4383,7,13375.87
4482,1,509.01000000000005
4397,2,2906.85
4404,5,5005.46
4464,1,4366.78
4449,2,132.18
4531,2,2209.85
4496,1,4873.81
4418,5,1315.83
4511,1,275.88
4420,8,3981.36
4484,1,125.92
4530,2,1063.46
4478,2,572.2
4405,3,2811.43
4461,1,777.2
4398,13,7984.18
4499,2,2791.59
4390,2,1898.52
4386,7,6989.63
4442,1,892.47
4387,5,2330.92
4385,6,2225.91
4392,2,573.02
4747,1,311.95
4639,1,400.53999999999996
4717,2,545.48
4436,2,860.41
4401,1,430.48
4748,1,254.03
4419,3,483.65000000000003
4560,1,489.31
4643,3,514.85
4671,1,145.92
4434,7,39460.659999999996
4440,1,1002.3100000000001
4615,1,1079.4
4608,1,436.3
4398,4,807.04
4386,1,172.06
4405,1,133.4
4427,1,449.45
4539,2,197.88
4439,1,3528.3399999999997
4456,4,767.96
4401,2,1189.59
4415,6,4657.0
4478,5,3723.87
4517,3,1304.81
4525,2,982.5699999999999
4412,1,363.95
4405,4,5568.35
4402,17,13400.24
4412,3,981.18
4419,1,372.7
4458,2,1000.39
4429,2,1161.5
4580,2,207.79999999999998
4549,1,95.19999999999999
4462,1,964.8299999999999
4740,1,168.0
4433,2,633.66
4399,5,11990.960000000001
4434,2,618.27
4402,4,3811.22
4385,8,971.3199999999999
4400,8,2484.98
4416,1,671.69
4621,1,486.1
4498,1,185.89999999999998
4407,6,1331.39
4411,3,957.59
4489,1,343.36
4387,15,31906.82
4416,1,6207.67
4427,2,1887.96
4698,2,1628.12
4512,1,4008.62
4411,2,585.27
4428,1,1635.66
4461,3,11072.67
4691,2,693.33
4495,1,668.58
4551,1,417.36
4393,5,9035.52
4399,2,430.57
4427,3,3181.04
4468,5,1970.53
4454,2,947.4
4477,2,826.88
4519,3,1269.84
4658,2,618.63
4671,1,1340.32
4455,4,4393.63
4441,6,3624.35
4461,2,1013.04
4681,1,889.24
4708,1,77183.6
4385,11,4196.01
4383,209,34339.06
4386,5,4090.88
4386,4,942.34
4597,1,92.72
4453,2,948.88
4457,5,1759.5
4442,1,397.12
4385,7,1474.72
4388,3,430.15000000000003
4385,6,1018.71
4719,2,293.0
4420,6,6814.64
4645,1,215.05
4415,2,383.03000000000003
4528,1,417.38
4665,1,312.38
4442,4,2627.16
4556,1,134.1
4416,2,719.8000000000001
4385,14,5609.3
4526,4,2726.77
4387,25,4004.08
4453,2,1118.99
4448,8,1751.51
4412,2,339.51
4650,4,354.09
4405,1,1027.29
4414,2,1038.01
4479,1,142.82
4677,1,311.55
4517,6,1957.1000000000001
4461,3,1361.0
4755,1,38.1
4390,6,2248.38
4593,2,1106.4
4435,1,521.2
4521,1,147.12
4409,7,4162.69
4568,6,1607.0600000000002
4467,2,380.64
4709,2,599.97
4665,1,374.0
4526,2,343.2300000000001
4386,12,1535.77
4619,2,854.99
4427,3,573.22
4658,1,298.0
4392,2,1463.04
4407,4,703.47
4471,1,309.05
4446,3,1175.22
4450,2,1378.4
4597,2,354.12
4407,1,378.92
4568,3,331.0
4413,1,216.5
4425,2,372.8
4587,2,216.5
4391,28,17654.54
4647,1,138.68
4401,2,519.36
4394,5,2919.81
4559,2,750.0
4422,5,2178.67
4406,8,3075.04
4385,5,1662.3
4387,5,2483.63
4531,2,363.65
4521,4,3121.95
4511,1,594.0
4391,6,1335.19
4400,1,162.78
4392,37,16587.09
4544,1,405.38
4447,1,172.82
4471,4,1185.76
4387,2,694.05
4418,5,2062.7
4694,1,117.85
4461,2,415.8
4404,15,42883.36
4407,3,637.53
4385,7,2160.7
4400,4,1063.9
4398,4,1504.27
4408,1,114.14
4447,8,11581.8
4437,2,924.6899999999999
4514,3,675.6
4418,2,604.51
4671,1,462.95
4526,6,1603.99
4399,7,2064.95
4413,8,4167.22
4385,3,1843.0
4391,6,1064.07
4388,4,1387.79
4392,1,329.85
4384,11,4757.16
4689,1,108.07
4392,8,4017.54
4390,2,266.39
4391,8,1856.63
4472,1,769.81
4392,1,160.18
4741,2,1660.9
4495,1,135.95
4390,4,479.87
4386,86,11189.91
4580,1,144.8
4594,1,738.6
4539,1,39.24
4540,9,7374.900000000001
4412,2,372.22
4625,1,390.53999999999996
4401,1,97.5
4383,2,1239.38
4456,2,558.7
4675,1,569.62
4386,15,6924.110000000001
4414,3,409.5
4406,2,503.76
4406,4,414.76
4387,3,974.42
4468,1,211.32
4405,4,1226.89
4579,3,455.88
4489,3,534.85
4387,13,9946.53
4701,1,120.94999999999999
4488,3,149.05
4394,18,5655.91
4556,2,513.7
4439,1,81.57
4706,1,229.46999999999997
4755,1,50.550000000000004
4392,8,1646.8400000000001
4384,13,4810.9400000000005
4393,10,3466.2799999999997
4436,5,3339.64
4456,3,789.89
4390,1,204.0
4399,28,7277.7
4387,9,2616.38
4447,2,689.9
4384,5,975.36
4496,6,6912.0
4405,2,661.3199999999999
4413,3,1247.5
4394,2,954.11
4435,2,1010.18
4740,1,190.55
4437,2,642.77
4456,2,921.88
4521,3,881.07
4463,3,908.46
4391,2,676.99
4656,1,516.42
4674,1,560.47
4482,1,305.28
4413,2,629.3100000000001
4414,10,3237.54
4397,4,1829.6100000000001
4447,2,656.6800000000001
4397,17,5875.46
4595,1,348.15
4461,3,1214.41
4407,3,271.4
4632,1,183.4
4636,1,307.53
4455,1,248.61
4574,1,346.97999999999996
4395,4,1120.44
4756,1,205.86
4407,2,470.8
4465,1,139.31
4393,2,344.0
4383,24,4469.37
4575,1,228.8
4649,1,177.15
4512,1,919.61
4384,4,728.02
4386,26,12627.94
4387,5,220.10000000000002
4562,1,58.08
4394,11,28337.38
4509,9,3613.63
4387,2,303.75
4540,2,416.08
4385,97,58895.28
4391,14,8910.82
4411,1,345.82
4453,5,477.83
4658,8,7832.47
4404,12,1927.3200000000002
4453,1,74.39999999999999
4415,10,6137.27
4384,28,28882.44
4482,1,207.35999999999999
4617,1,101.19
4384,24,6424.09
4422,1,243.94
4386,6,1098.48
4516,1,76.5
4427,4,1531.62
4755,1,350.06
4442,2,786.54
4414,7,1494.47
4383,24,12245.960000000001
4394,4,2294.78
4521,1,501.14
4404,8,984.91
4402,5,1197.81
4621,1,30.599999999999998
4652,1,283.73
4477,2,922.39
4472,3,3875.18
4387,8,2099.64
4460,1,259.17
4477,1,64.0
4406,3,1073.3
4644,1,77.3
4656,2,109.8
4468,4,1793.58
4579,1,3096.0
4439,5,2607.61
4393,8,3976.12
4405,6,962.39
4399,7,5064.9400000000005
4491,3,422.47
4467,5,2388.75
4402,1,307.09
4715,1,110.95
4422,4,618.52
4409,1,238.66
4393,4,712.8000000000001
4412,12,3773.4
4397,4,1676.06
4678,1,1271.82
4388,1,486.22
4416,4,980.61
4432,4,1741.22
4477,4,1201.06
4391,4,1433.1
4405,1,91.8
4696,1,112.75
4505,4,1688.29
4429,2,1021.48
4666,1,448.65
4401,4,791.3299999999999
4419,4,1310.96
4446,2,712.88
4409,1,110.75999999999999
4404,3,468.40999999999997
4387,2,353.65
4399,3,3087.4700000000003
4429,1,483.98
4447,1,282.45
4409,11,5725.47
4428,1,121.17999999999999
4390,9,3957.78
4397,10,1672.43
4650,1,71.4
4422,3,1575.89
4720,1,236.02
4394,1,114.60000000000001
4401,2,260.68
4478,2,911.94
4444,1,126.03
4518,1,60.7
4394,4,1797.78
4393,6,3401.2400000000002
4386,38,9817.12
4402,4,870.09
4392,4,869.46
4398,2,250.26000000000002
4441,6,1248.88
4413,8,5932.41
4476,1,353.48
4393,3,1107.77
4402,3,795.08
4439,5,1520.58
4650,1,333.74
4505,3,533.98
4510,1,62.64
4461,4,819.29
4623,2,847.41
4583,2,163.20000000000002
4443,2,2155.95
4386,7,6463.84
4656,1,108.21
4584,1,257.7
4464,1,358.0
4608,1,160.95
4387,14,2835.29
4395,7,1336.6
4457,2,605.12
4595,1,1143.92
4407,2,744.85
4400,4,700.73
4644,1,329.56
4479,4,679.45
4495,3,270.40000000000003
4586,1,593.62
4475,1,121.74000000000001
4433,1,430.5
4401,6,2174.02
4400,4,501.12
4507,2,465.68
4475,3,711.41
4539,2,1030.4
4392,2,399.51
4394,3,700.63
4444,1,306.48
4444,1,557.62
4651,2,944.1
4646,1,200.29
4384,35,7623.03
4436,5,2092.66
4394,12,3834.2599999999998
4385,19,4521.49
4400,11,3227.57
4384,15,5348.2300000000005
4749,1,590.0
4420,1,254.27
4414,2,276.56
4496,1,138.98
4446,2,590.9300000000001
4398,4,258.4
4423,1,542.73
4461,1,137.75
4505,3,812.86
4401,3,1132.14
4442,2,93.66
4713,1,201.19
4406,4,2709.12
4538,1,364.05
4421,2,578.9399999999999
4572,2,873.74
4742,1,201.20000000000002
4520,1,87.4
4390,4,2089.85
4384,1,360.0
4651,1,142.5
4552,1,371.89
4486,4,618.09
4538,1,63.75
4734,1,300.42
4387,10,2000.86
4503,1,15.0
4405,3,1385.51
4390,5,1456.79
4411,3,1132.03
4387,2,598.57
4405,5,1555.32
4384,3,795.74
4420,4,5732.93
4449,6,2273.68
4384,3,640.76
4388,26,10845.550000000001
4461,4,1532.2
4455,2,567.36
4400,1,199.48000000000002
4386,5,787.85
4419,10,7121.95
4464,1,675.3
4421,8,3627.77
4699,1,1308.48
4414,2,789.0
4475,3,1140.93
4397,1,350.9
4465,3,3598.92
4460,1,795.12
4540,1,487.02
4583,1,860.12
4428,7,10736.48
4643,1,775.85
4560,1,353.43
4450,3,2511.69
4670,1,389.5
4453,1,341.36
4447,1,233.76
4393,1,247.32
4399,2,979.12
4449,1,373.94
4443,1,397.97999999999996
4454,1,743.53
4505,1,674.7
4463,1,768.24
4640,1,651.6
4651,1,439.03
4446,1,439.56
4392,4,3090.7400000000002
4400,2,992.5
4454,1,134.96
4416,2,2225.37
4433,1,56.160000000000004
4639,2,623.4
4748,1,308.28000000000003
4754,1,754.87
4472,1,378.64
4443,3,3312.25
4471,1,778.65
4482,3,1019.76
4409,3,594.29
4414,6,3639.31
4663,1,222.99
4413,7,4151.93
4712,1,534.57
4514,2,677.1
4394,3,797.96
4457,1,544.08
4586,1,59.8
4384,8,2520.02
4568,1,307.71999999999997
4412,2,1360.99
4455,5,1544.13
4575,1,457.34
4510,2,621.23
4400,1,75.0
4384,2,252.48999999999998
4457,3,587.452
4384,62,28117.04
4407,5,1003.0600000000001
4490,1,219.8
4516,3,1390.5
4426,2,712.5
4387,2,640.83
4394,18,6127.43
4446,1,221.06
4532,2,159.85
4423,2,1893.1100000000001
4447,1,2626.3
4491,3,1624.21
4383,10,3641.32
4402,3,582.6
4393,1,207.59
4393,4,1006.8
4401,2,679.45
4450,2,1269.1
4457,2,534.24
4388,7,3869.29
4384,1,196.89
4397,7,3408.06
4638,1,283.71
4474,1,296.64
4406,3,1129.14
4399,6,3630.29
4406,1,291.88
4409,6,2043.72
4409,5,2942.27
4642,2,590.0
4548,2,356.97999999999996
4407,2,1058.34
4400,6,1766.72
4390,14,9646.57
4412,2,183.44
4421,3,1445.0
4635,1,151.5
4441,1,674.68
4567,1,307.9
4393,2,1222.06
4384,37,5704.97
4482,2,165.0
4384,4,2751.65
4443,2,422.64
4619,1,237.16
4574,4,1431.78
4561,2,1238.47
4420,6,1454.58
4583,2,300.95
4428,5,1804.56
4615,1,184.64
4448,1,140.34
4624,1,313.8
4616,1,454.24
4461,3,1122.41
4440,3,575.4
4400,13,8968.31
4488,4,449.52
4434,10,1215.82
4694,1,316.26000000000005
4390,5,2044.8700000000001
4393,2,653.33
4665,2,348.05
4400,5,1159.11
4406,3,1166.77
4399,3,292.0
4454,1,216.85
4447,1,295.93
4699,2,458.52
4386,4,2479.16
4626,1,110.97
4391,7,979.72
4384,4,1791.56
4643,1,251.21
4509,1,205.1
4456,1,152.20000000000002
4455,4,891.12
4404,3,1389.41
4442,3,2128.42
4468,1,627.16
4461,1,122.75
4384,3,1117.98
4413,1,125.80000000000001
4416,5,3964.88
4423,5,680.1800000000001
4397,2,628.78
4416,7,2337.61
4461,2,307.76
4588,2,483.8
4416,1,210.31
4565,3,281.01
4385,25,5870.08
4384,7,3461.67
4426,7,1280.85
4468,3,631.34
4422,2,276.06
4395,3,643.59
4479,2,746.29
4408,7,918.2
4702,1,91.80000000000001
4449,12,3802.4700000000003
4456,4,4098.88
4411,2,584.06
4388,4,600.78
4390,1,171.42000000000002
4598,1,141.85999999999999
4464,3,1799.33
4467,2,777.53
4527,3,1819.02
4402,2,240.22
4423,2,937.16
4556,1,219.60000000000002
4400,2,347.1
4626,1,239.49
4395,12,2141.25
4588,1,1462.7
4433,2,290.25
4406,5,732.0699999999999
4393,18,6717.34
4408,4,1687.6000000000001
4397,2,467.04
4692,1,118.0
4538,1,781.03
4689,1,142.4
4446,1,712.4
4398,9,2478.95
4397,2,379.65
4394,6,1981.92
4447,3,1117.13
4418,4,247.95999999999998
4491,5,2011.88
4435,1,396.97
4388,2,697.35
4430,1,210.74
4384,21,5154.27
4695,1,219.51999999999998
4428,2,725.22
4447,1,428.89
4409,1,164.34
4412,3,276.75
4423,1,713.97
4395,7,1116.23
4472,3,1181.4
4407,4,1628.15
4701,1,417.69
4423,3,544.18
4556,1,177.34
4499,1,213.85
4413,5,727.74
4635,1,257.23
4442,5,1638.47
4406,11,7792.36
4388,7,2031.78
4482,11,3070.42
4407,5,2118.93
4416,5,1572.1100000000001
4450,1,1071.03
4419,5,949.12
4435,3,822.95
4398,1,122.64
4457,1,1083.1399999999999
4598,1,312.28000000000003
4414,3,519.44
4399,4,2624.26
4503,1,252.1
4392,4,1648.1200000000001
4639,2,346.6
4399,6,1836.3400000000001
4418,2,94.19999999999999
4428,3,1095.08
4426,6,2707.33
4497,2,932.97
4547,2,379.65
4393,2,382.14
4392,5,2639.17
4588,2,1647.55
4468,3,881.26
4562,1,189.47
4443,3,84.65
4532,1,302.17
4385,21,6340.28
4433,2,218.55
4458,1,349.7
4684,2,186.39000000000001
4401,2,410.0
4534,2,486.82
4534,1,232.6
4384,4,3743.77
4400,4,827.83
4570,1,59.5
4668,1,65.13
4385,7,3119.44
4565,1,72.0
4446,1,910.0
4442,1,172.25
4407,3,1488.32
4386,50,65039.62
4414,15,2504.13
4421,1,151.29999999999998
4538,1,308.58000000000004
4409,10,2248.63
4701,1,99.5
4388,9,2308.06
4390,3,711.86
4685,1,330.79
4650,2,806.41
4654,1,285.33
4386,13,6307.650000000001
4414,1,180.48
4601,2,252.06
4629,1,228.84
4664,5,1083.99
4652,1,138.28
4415,6,1445.01
4629,2,306.55
4398,5,1041.68
4499,4,799.9
4419,1,524.14
4514,3,2375.41
4600,1,199.85000000000002
4432,8,1980.56
4421,2,1079.6599999999999
4411,2,333.48
4419,6,1016.14
4518,2,752.6
4602,2,610.59
4411,1,491.86
4407,4,2886.86
4388,2,771.86
4583,1,344.07
4401,1,216.9
4623,1,350.75
4454,3,668.4300000000001
4399,12,3214.57
4385,7,1341.6
4478,2,1080.52
4545,1,300.04
4756,1,79.6
4478,5,948.25
4436,5,1647.26
4671,1,296.25
4507,6,1175.38
4670,1,741.26
4534,2,282.6
4386,9,2251.94
4385,14,5189.52
4394,7,3216.05
4416,2,659.41
4437,2,323.0
4433,2,1070.65
4601,1,306.71999999999997
4446,1,1714.96
4453,3,1560.1100000000001
4385,37,17220.36
4385,10,2796.51
4447,4,2634.45
4416,3,1213.73
4464,1,345.0
4383,33,25977.16
4486,1,178.7
4390,2,360.01
4633,1,127.84
4395,6,908.86
4392,11,2462.79
4750,1,230.39999999999998
4458,2,411.8
4387,1,348.8
4510,2,1516.0
4449,2,195.55
4384,57,38161.61
4499,2,688.86
4692,1,558.32
4449,1,324.8
4521,3,4599.42
4638,1,277.07
4413,7,2588.39
4435,2,924.6
4446,1,256.38
4750,1,112.6
4388,5,1747.66
4684,3,1140.35
4527,2,385.64
4388,2,636.95
4401,2,957.6600000000001
4415,5,1698.94
4559,1,189.5
4440,3,409.8
4405,1,209.49
4399,6,2198.45
4402,1,52.199999999999996
4542,1,383.85
4408,4,834.5699999999999
4594,2,266.59000000000003
4388,4,718.13
4635,1,85.0
4441,9,3385.62
4394,1,361.62
4447,1,312.98
4407,3,865.0600000000001
4475,3,1255.0
4434,2,1537.95
4512,1,1595.48
4478,3,2651.46
4440,1,1090.14
4391,25,8109.5199999999995
4551,3,388.5
4440,1,216.17
4709,1,217.96
4384,5,1245.9
4401,8,2209.36
4630,1,305.78000000000003
4441,4,501.56
4457,1,145.67000000000002
4414,3,1100.49
4390,2,3192.54
4506,4,3109.68
4385,8,2770.94
4405,13,6403.25
4502,3,389.6
4741,1,540.45
4436,5,1786.79
4446,1,122.7
4469,1,117.24
4437,1,1271.57
4404,13,3219.77
4386,20,17159.52
4385,5,1191.13
4393,5,2674.48
4390,5,791.95
4572,2,506.8
4454,1,243.56
4587,1,349.55
4502,2,595.67
4475,1,416.90000000000003
4384,10,1883.8100000000002
4409,4,632.97
4680,1,821.1
4406,3,692.78
4411,4,2593.07
4433,1,311.16
4708,1,155.93
4399,2,388.52
4566,3,740.95
4455,5,2867.2000000000003
4420,2,332.64
4462,4,2369.55
4440,9,2580.91
4394,2,626.45
4432,2,272.04
4432,2,1212.8400000000001
4734,1,172.25
4436,1,351.13
4384,6,1838.8500000000001
4475,4,678.25
4406,1,223.85000000000002
4457,1,348.99
4393,4,464.57
4552,2,842.65
4440,2,337.34
4478,2,1237.53
4677,1,307.4
4492,2,608.7900000000001
4646,1,922.1
4562,1,376.58
4552,1,158.85
4418,1,71.66
4406,3,568.55
4400,4,839.14
4404,5,5112.96
4462,3,561.5699999999999
4448,1,90.6
4743,1,102.0
4385,6,2427.32
4394,4,745.06
4559,3,674.45
4600,2,3251.071
4390,7,3515.68
4384,2,439.92
4537,2,322.96
4388,5,1095.37
4462,3,624.34
4404,2,230.22
4404,2,169.54999999999998
4691,4,664.54
4528,1,80.7
4390,18,9102.17
4401,8,2758.26
4453,2,190.25
4670,1,264.7
4432,1,413.59000000000003
4414,6,2600.29
4589,1,357.98
4397,2,196.79000000000002
4456,1,869.87
4443,1,200.14
4422,4,1886.96
4412,12,2621.13
4409,5,920.51
4387,15,7060.13
4400,1,427.98
4402,6,4147.96
4448,2,1266.08
4596,1,311.3
4395,6,864.11
4413,1,76.8
4425,9,3466.36
4386,6,2321.4900000000002
4398,5,1393.69
4393,12,3901.81
4594,1,635.66
4428,3,2043.08
4517,2,529.73
4426,7,4582.64
4392,5,2874.72
4498,3,962.19
4581,2,695.61
4660,1,328.8
4493,3,473.02
4460,1,505.18
4435,1,917.34
4429,3,1421.61
4399,2,642.8
4538,3,631.9
4608,1,440.0
4390,2,584.07
4504,2,327.7
4443,1,104.82
4446,2,467.66
4401,8,2376.69
4390,19,17286.86
4385,11,2975.59
4405,3,652.64
4411,5,1438.17
4667,1,626.65
4559,2,147.20000000000002
4461,3,1560.38
4416,1,152.2
4423,12,3732.4700000000003
4649,1,141.41
4409,4,646.42
4492,4,1659.75
4667,1,154.99
4391,5,1308.6100000000001
4688,1,421.63
4399,4,5606.62
4414,2,746.36
4383,23,15663.49
4402,1,225.35999999999999
4507,2,385.25
4448,1,92.46000000000001
4489,1,725.64
4384,23,8338.41
4406,17,6211.66
4649,1,183.6
4387,19,6140.42
4392,12,10464.85
4412,5,1398.61
4649,1,152.55
4446,2,374.7
4703,1,288.95
4386,8,1443.33
4415,1,151.04
4387,3,942.26
4512,1,123.67
4423,5,499.42
4484,6,1049.37
4507,1,375.1
4415,1,45.599999999999994
4685,2,964.27
4747,1,190.05
4387,9,1002.9
4385,18,4457.68
4385,1,239.69
4393,13,50491.81
4439,1,158.75
4707,1,76.32000000000001
4390,14,4076.91
4395,1,457.11
4387,17,65940.74
4419,1,147.35
4399,11,3104.17
4520,1,194.8
4456,6,5976.79
4388,5,1224.3799999999999
4537,2,216.20999999999998
4622,1,1266.23
4434,7,2703.23
4413,2,597.91
4455,1,144.2
4386,12,5683.15
4397,4,692.85
4405,7,2915.15
4386,4,1840.42
4656,2,386.53
4402,5,1382.74
4526,1,90.0
4386,4,2780.15
4467,1,611.0999999999999
4393,3,2720.63
4390,3,706.1300000000001
4505,3,709.71
4443,2,637.5
4384,5,1123.86
4702,1,480.91
4385,11,3586.0299999999997
4512,3,605.64
4384,15,4690.31
4384,2,965.8800000000001
4429,1,415.82
4386,2,935.05
4385,4,915.13
4756,1,311.81
4516,1,115.8
4429,4,3742.2
4391,5,4191.0
4461,2,483.4
4616,1,157.2
4603,1,446.62
4418,2,658.64
4458,2,621.29
4622,2,1345.62
4649,1,118.75
4402,2,428.79
4423,1,507.66
4402,11,4861.28
4598,3,1139.69
4556,2,289.36
4470,4,2445.91
4453,2,1631.77
4658,1,128.09
4422,4,605.09
4481,1,366.28
4393,4,450.84000000000003
4416,1,134.46
4442,3,3222.3
4680,4,576.9000000000001
4469,4,549.46
4391,7,1630.26
4423,2,809.12
4393,25,4748.52
4449,1,452.89
4714,1,197.65
4413,6,2054.36
4385,15,4654.08
4384,13,4684.76
4450,2,853.39
4387,21,11349.52
4584,2,1012.0
4489,1,335.52
4401,4,701.4
4601,1,185.39999999999998
4443,7,747.4399999999999
4385,1,163.54
4399,2,466.7
4622,1,328.15999999999997
4477,1,151.74
4393,6,2073.43
4488,6,1905.8400000000001
4436,9,2241.1
4472,1,1070.48
4413,5,1004.38
4394,6,1789.72
4386,4,1839.3
4384,17,2004.98
4425,1,169.48000000000002
4387,1,89.94
4630,2,632.4
4425,9,3432.7999999999997
4560,1,683.17
4475,3,991.13
4493,4,1020.68
4411,5,2244.67
4409,10,3350.96
4434,3,1547.2
4566,3,925.71
4425,5,2048.07
4432,4,1462.72
4405,4,788.49
4458,5,3144.86
4463,2,490.85999999999996
4756,1,161.0
4709,1,146.85
4426,11,2380.85
4413,2,890.34
4566,1,213.70000000000002
4617,2,280.55
4391,10,2588.77
4602,2,1693.45
4493,3,1474.06
4661,1,143.37
4701,1,302.58
4390,3,1904.05
4384,5,2879.7000000000003
4643,2,969.0600000000001
4447,5,3099.7200000000003
4392,9,12669.98
4524,1,120.0
4433,2,1163.45
4391,8,2618.23
4537,2,333.97
4545,3,1516.24
4714,1,492.65000000000003
4608,1,112.32
4456,2,437.96
4434,4,559.97
4481,3,1119.74
4579,1,134.04
4386,15,3701.44
4413,2,595.25
4404,4,1910.01
4406,3,4628.75
4391,3,176.63
4596,1,426.6
4391,6,911.26
4394,5,2314.65
4384,11,3883.25
4390,9,4871.93
4386,4,1046.56
4423,1,166.20000000000002
4400,4,1305.33
4391,44,51527.3
4391,9,3965.62
4401,1,43.2
4500,1,640.14
4605,1,383.45
4454,3,1858.96
4434,2,2093.32
4471,6,2995.72
4391,9,2352.53
4625,1,310.26
4429,6,1611.59
4489,1,120.0
4427,6,2481.13
4447,1,508.58
4589,2,477.79
4393,5,1530.75
4497,2,605.0600000000001
4625,1,183.85000000000002
4546,1,311.65
4400,7,4975.24
4507,2,462.66
4405,3,857.91
4450,1,415.2
4399,8,2552.21
4399,4,1614.91
4544,2,588.22
4625,1,309.52
4601,1,134.7
4428,8,2270.4
4404,4,668.5600000000001
4510,8,898.7800000000001
4421,1,108.97999999999999
4503,2,1021.58
4643,1,409.57
4393,1,133.5
4657,1,282.93
4547,1,51.0
4540,4,1185.16
4598,1,90.6
4388,2,163.62
4748,1,174.4
4462,2,701.23
4426,1,227.46
4402,3,912.18
4414,4,2118.03
4405,1,151.5
4491,8,3717.35
4391,16,9257.52
4702,1,155.0
4678,1,100.5
4741,1,76.55
4568,1,286.21
4574,2,617.05
4427,2,401.25
4435,1,202.68
4409,1,646.0
4421,3,1247.69
4392,3,202.11
4679,1,142.4
4415,3,1738.1
4393,8,3212.84
4448,2,1043.46
4393,9,4671.47
4601,1,67.95
4385,9,3623.91
4448,2,487.99
4385,19,2612.96
4532,1,574.7
4387,13,4051.48
4513,4,1475.81
4416,6,1453.07
4502,1,156.75
4490,6,2157.73
4393,7,2704.03
4454,6,2059.4500000000003
4475,9,1135.92
4693,1,1063.0
4425,2,770.03
4745,1,121.05
4474,7,1496.98
4384,13,5958.9
4405,2,490.22
4386,3,1943.6
4393,6,1075.49
4482,1,387.52
4440,2,813.11
4383,6,4263.64
4601,1,265.2
4400,1,322.08
4406,10,4481.67
4433,2,363.34000000000003
4390,5,1259.66
4685,1,470.36
4392,6,2265.84
4404,6,1372.8
4481,1,89.06
4748,1,63.0
4689,1,131.9
4391,5,2357.6800000000003
4383,4,1712.89
4436,4,1420.2
4383,4,1122.0
4401,5,1163.23
4392,2,375.35
4401,4,963.82
4563,3,483.25
4443,2,667.84
4393,2,269.86
4573,1,119.93
4388,9,3191.35
4693,1,113.64
4538,1,1837.92
4493,3,434.34
4531,3,2103.06
4449,11,2040.33
4481,3,529.62
4629,3,1092.74
4412,7,2272.4
4400,4,598.8100000000001
4394,2,461.19
4486,8,1930.9
4457,2,234.34
4429,1,547.66
4454,3,925.85
4640,1,193.0
4402,4,1309.6
4636,2,316.25
4394,1,279.05
4547,2,636.51
4401,6,2065.5
4664,1,137.1
4433,1,321.92
4421,1,172.79
4409,6,1221.18
4450,1,1064.28
4590,1,463.38
4558,2,340.93
4390,5,2383.2400000000002
4408,1,139.56
4433,2,123.8
4694,2,538.8100000000001
4692,1,475.37
4425,5,1966.17
4409,3,847.4300000000001
4471,3,501.15
4566,2,251.21
4402,11,2517.63
4386,6,3543.26
4430,4,673.26
4400,8,6182.58
4400,5,2026.44
4406,6,1367.88
4405,2,275.52
4394,5,1314.81
4570,2,275.28
4483,3,455.59000000000003
4444,3,1068.05
4400,6,2076.89
4416,2,330.45
4447,1,174.37
4384,2,270.6
4407,4,974.54
4491,1,241.09
4414,9,1854.33
4402,9,4328.01
4385,55,8507.13
4420,1,364.21999999999997
4443,3,618.39
4408,6,2870.36
4619,4,932.85
4407,7,1949.72
4385,18,4630.04
4443,3,2897.7000000000003
4642,1,170.95
4440,1,355.56
4447,2,388.25
4398,2,537.48
4392,3,1029.16
4441,8,1632.65
4568,1,103.25
4411,16,3636.18
4407,2,2010.9
4388,5,2633.18
4386,8,4069.21
4533,2,652.8
4694,1,289.24
4393,2,772.12
4401,2,186.23
4534,1,164.22
4402,5,860.53
4393,4,2492.7200000000003
4440,2,312.54
4468,1,788.38
4390,22,2237.77
4458,3,1080.76
4386,18,5120.82
4478,4,3099.12
4439,2,1530.3600000000001
4384,1,244.64
4663,2,218.06
4386,7,2976.2400000000002
4562,9,1676.6200000000001
4755,1,35.400000000000006
4395,4,914.91
4386,1,168.63
4399,1,152.35
4423,1,114.11000000000001
4388,5,1081.2
4552,4,1033.06
4433,1,157.05
4659,1,237.36
4401,9,1602.04
4754,1,39.75
4398,4,1409.07
4418,3,561.24
4404,3,668.02
4390,2,373.2
4402,6,1740.6
4394,2,905.72
4427,1,226.92
4688,1,393.33
4393,1,213.96
4657,1,660.0
4384,93,12161.37
4398,14,16965.5
4387,4,1785.15
4455,4,601.56
4625,3,406.08000000000004
4392,3,650.04
4628,1,394.44
4588,2,412.78000000000003
4384,5,1788.3600000000001
4567,1,320.58000000000004
4415,5,888.9
4440,2,225.85
4579,2,899.63
4406,4,2791.27
4474,2,671.96
4387,2,965.23
4433,3,1006.98
4645,1,114.56
4649,1,344.90000000000003
4419,2,609.85
4433,1,443.6
4435,6,2984.49
4407,6,2107.38
4404,1,110.46
4441,1,96.12
4553,2,693.8100000000001
4450,2,830.76
4539,2,597.09
4584,1,270.15000000000003
4387,4,1461.65
4450,2,653.75
4460,1,114.17999999999999
4384,7,1930.8
4391,4,1932.23
4552,2,305.75
4400,4,919.72
4388,2,247.15
4391,9,2561.28
4469,2,285.74
4409,1,107.95
4411,4,770.98
4402,2,661.23
4443,5,1835.7
4407,1,195.25
4393,25,9351.6
4624,3,1293.98
4663,2,409.3
4617,2,765.55
4386,5,1736.4
4399,1,658.11
4414,6,2548.2400000000002
4408,16,28754.11
4454,3,498.95
4570,2,52.0
4408,5,1220.89
4489,1,628.38
4390,21,5596.15
4591,1,112.8
4427,2,355.05
4413,5,2114.33
4520,4,635.35
4647,1,172.9
4387,7,2078.95
4601,2,188.60999999999999
4384,5,1315.57
4597,1,109.13000000000001
4415,3,2230.5
4393,9,2606.12
4384,17,3251.79
4397,1,318.17
4394,9,1664.17
4581,1,179.0
4385,3,1126.37
4398,13,4921.04
4397,4,631.68
4393,11,2873.33
4412,3,917.07
4392,11,2667.15
4407,1,160.19
4407,4,867.38
4426,2,325.87
4384,5,1649.19
4388,3,663.8100000000001
4530,1,180.42000000000002
4393,6,1276.09
4407,1,719.33
4657,1,268.58
4756,1,328.64
4384,8,2065.06
4430,3,389.92
4391,8,2702.4900000000002
4399,12,9585.91
4386,32,6065.6900000000005
4386,3,1164.55
4425,7,1314.45
4387,7,3902.28
4580,3,1448.21
4394,6,1400.3400000000001
4399,7,1099.98
4495,5,1220.26
4632,1,328.2
4412,5,1415.75
4426,1,389.64
4470,1,563.15
4427,2,638.05
4392,11,5010.28
4398,1,738.96
4458,1,420.5
4527,4,1484.06
4387,3,1625.97
4680,1,89.2
4441,2,255.9
4646,1,300.52
4429,1,278.3
4412,3,254.11
4391,6,2473.37
4400,2,192.60000000000002
4385,8,10809.38
4615,2,876.42
4495,1,139.26
4441,3,1011.9
4434,11,2538.3
4510,2,730.86
4663,3,386.15
4437,2,447.68
4702,1,200.10000000000002
4409,2,289.99
4393,2,77.4
4390,2,679.4399999999999
4411,1,197.64000000000001
4399,4,745.06
4446,1,6.2
4404,1,228.99
4385,7,1319.91
4549,1,131.45000000000002
4384,17,8256.74
4435,3,173.74
4434,1,157.7
4430,12,4371.32
4444,1,193.09
4545,3,1235.75
4391,1,353.27
4398,4,546.4
4458,1,193.39
4422,8,2847.12
4423,11,2148.38
4752,2,214.18
4419,2,778.5
4580,1,271.85
4583,2,1110.34
4456,3,657.8
4447,2,272.07
4404,4,507.29
4749,1,48.800000000000004
4563,3,321.43
4393,4,1127.71
4386,12,2250.06
4579,3,2139.76
4412,4,697.55
4436,1,188.88
4400,6,1720.3
4393,3,102.44999999999999
4472,4,1649.5
4650,1,62.85
4436,6,3295.76
4426,4,2824.69
4446,4,3189.81
4531,1,309.4
4404,25,7930.54
4694,1,325.75
4406,2,511.35
4441,6,2836.69
4407,2,475.8
4461,7,2740.03
4502,2,645.65
4419,3,1290.53
4442,2,1173.12
4395,4,1353.74
4402,1,170.32
4435,1,125.79
4408,2,841.2
4412,1,266.76
4390,2,52.2
4393,12,14389.9
4568,3,710.28
4386,8,2953.59
4391,2,726.45
4644,1,327.25
4386,4,506.23
4593,1,519.68
4490,2,1465.32
4395,9,1486.05
4460,3,690.59
4402,1,255.39999999999998
4409,2,589.7
4401,6,761.59
4514,1,765.32
4635,1,364.8
4462,1,1862.0
4590,1,369.2
4719,1,135.9
4636,1,125.65
4531,2,554.38
4392,2,1237.8500000000001
4468,1,655.75
4390,20,11138.710000000001
4587,2,468.77000000000004
4390,4,1366.38
4406,6,1380.99
4394,9,1462.59
4408,1,332.66
4404,5,2816.13
4385,2,1025.44
4540,2,616.15
4386,7,3501.1
4457,1,277.8
4385,4,434.35
4418,4,1227.43
4474,2,307.48
4453,4,1268.98
4498,2,1610.15
4595,2,977.77
4413,2,1316.07
4433,1,749.1
4628,1,310.05
4415,1,223.88
4412,12,5900.25
4397,1,100.9
4455,2,290.82
4406,6,1101.97
4402,1,371.2
4462,1,311.69
4442,11,8099.49
4408,1,285.67
4395,1,336.85
4636,1,58.49
4530,3,483.73
4447,4,702.92
4391,2,262.97
4393,9,7044.68
4653,1,126.7
4392,5,1583.92
4630,1,206.21
4479,2,603.24
4397,1,186.77
4432,1,463.8
4413,1,147.59
4451,4,1592.06
4418,3,1137.11
4511,1,114.77
4490,3,1314.45
4420,1,89.94
4440,1,279.94
4440,7,790.86
4455,5,1936.3700000000001
4629,1,102.12
4402,2,202.37
4581,2,296.96
4398,2,326.4
4594,1,334.54
4421,2,231.98000000000002
4429,3,546.1999999999999
4553,2,443.49
4430,1,493.07
4498,4,1745.46
4530,1,1220.77
4398,28,6377.62
4434,1,574.36
4542,1,156.91
4395,3,1265.38
4418,1,308.94
4436,2,451.3
4426,2,394.71999999999997
4555,1,170.04
4416,1,125.58
4421,3,496.21000000000004
4649,1,279.51
4391,9,1957.57
4394,4,942.24
4386,11,6838.1
4392,10,1663.13
4416,1,369.46
4463,3,469.0
4413,4,1151.45
4391,4,639.63
4454,2,518.28
4387,4,653.19
4639,3,4972.3
4387,10,2726.87
4398,8,4276.36
4472,1,267.73
4455,3,444.83
4441,6,702.24
4392,47,20045.13
4553,1,179.93
4582,1,135.93
4414,1,537.0
4402,17,8008.25
4534,2,735.66
4392,15,5094.17
4652,1,343.62
4448,4,381.0
4656,1,121.17
4408,3,1935.66
4406,3,1414.01
4702,1,216.58
4387,3,724.61
4395,2,304.23
4658,2,1489.5
4408,11,2199.62
4423,9,1369.54
4391,4,302.11
4386,48,54534.14
4454,4,987.86
4596,1,370.79999999999995
4420,4,3158.13
4436,1,893.59
4461,3,1744.76
4429,2,553.36
4562,1,1109.53
4755,1,106.2
4476,2,982.0699999999999
4392,3,1043.41
4488,1,735.6700000000001
4460,1,773.03
4555,1,880.85
4390,32,9743.11
4595,4,895.61
4405,5,504.8
4639,1,88.19999999999999
4664,1,306.94
4404,2,1160.07
4393,6,2420.84
4691,1,381.32
4450,1,480.71
4598,2,457.81
4401,6,4597.02
4486,4,1370.6
4425,1,219.39
4387,1,248.08
4565,3,39916.5
4467,1,410.48
4716,3,876.0
4391,2,317.53
4414,2,703.36
4579,2,993.54
4401,7,2298.93
4400,5,1422.52
4694,6,319.5
4628,1,484.95
4406,4,996.1
4412,3,1567.48
4392,3,3646.83
4413,10,2760.56
4401,1,340.11
4400,4,1352.75
4397,5,1551.78
4517,1,244.8
4628,1,266.4
4516,1,358.82
4433,2,457.72
4497,3,1633.78
4390,2,2199.31
4405,2,184.19
4408,15,11528.48
4448,1,406.53
4443,4,1471.0
4433,11,3447.4
4552,1,330.11
4401,5,977.9300000000001
4510,3,982.42
4397,8,1387.99
4622,1,139.05
4385,4,1286.7
4622,2,178.96
4435,7,2354.25
4429,1,498.74
4608,1,259.45
4391,17,6580.44
4387,4,1194.73
4547,2,1327.16
4623,1,623.5
4393,1,301.29
4516,1,520.8000000000001
4400,10,5291.33
4392,13,4745.69
4414,1,329.25
4458,1,280.23
4384,3,961.49
4386,3,1936.07
4428,1,401.40000000000003
4384,30,18641.010000000002
4740,1,158.16
4401,2,304.47
4451,3,849.81
4756,1,487.75
4703,1,158.8
4408,1,106.56
4714,1,1289.5
4391,5,1624.05
4705,1,135.75
4454,1,224.14
4643,1,40.5
4401,5,2206.95
4750,1,87.5
4449,3,689.4799999999999
4537,2,622.85
4412,2,402.2
4453,1,310.62
4397,2,411.41
4384,16,4777.18
4384,41,16225.39
4502,3,1044.32
4443,1,499.32
4386,15,7616.53
4385,1,3861.0
4393,3,1079.6100000000001
4475,2,193.64
4442,4,1268.6999999999998
4470,5,1236.54
4408,6,1827.8
4740,1,316.58
4468,2,653.24
4393,4,420.29999999999995
4384,5,870.12
4608,1,331.18
4443,2,894.41
4624,1,101.8
4701,2,328.35
4384,8,1661.44
4429,3,734.94
4470,1,96.6
4393,11,5766.7699999999995
4559,1,305.75
4434,6,1778.96
4749,1,403.25
4701,1,585.0
4608,2,755.75
4741,2,322.08
4617,1,409.40000000000003
4693,1,154.41
4419,5,1219.4
4449,4,3386.71
4622,2,429.6
4496,2,612.06
4659,1,197.0
4600,12,2247.51
4681,1,321.05
4384,4,1412.32
4412,3,1071.99
4393,2,780.59
4427,5,1706.57
4449,8,1756.44
4457,1,316.68
4448,2,631.57
4517,3,2515.84
4621,2,514.15
4505,1,356.0
4414,13,6688.46
4392,11,10484.99
4419,2,740.78
4399,5,918.1999999999999
4510,1,300.36
4449,1,890.85
4531,1,98.45
4666,1,317.15
4551,2,623.16
4483,7,1810.77
4518,1,254.82
4706,1,178.95000000000002
4489,1,156.51
4447,1,393.74
4534,2,1506.12
4721,1,119.3
4405,5,1717.36
4406,1,408.8
4398,7,2379.49
4390,15,2601.56
4440,2,721.94
4387,2,716.57
4420,1,615.14
4449,1,128.63
4429,1,255.89999999999998
4737,1,290.51
4555,1,113.12
4441,9,2332.15
4432,1,240.55
4405,2,486.69
4426,5,2306.52
4412,3,939.78
4387,18,7943.22
4408,15,4668.3
4584,1,178.39
4433,6,3672.86
4393,3,641.94
4385,12,4799.9
4450,7,4507.01
4447,1,496.44
4433,12,5049.95
4673,1,574.02
4443,8,694.4
4447,3,1174.35
4478,1,205.3
4657,1,310.46999999999997
4383,91,60705.74
4458,4,924.85
4493,1,52.0
4582,1,327.97
4447,2,570.5
4709,1,165.0
4386,1,312.62
4666,1,204.5
4427,1,267.13
4453,3,2748.31
4468,1,679.68
4486,1,169.99
4716,1,311.71
4435,1,208.75
4422,3,1049.7
4415,2,714.96
4591,1,1028.56
4539,3,356.97
4436,1,173.97
4449,2,600.17
4463,1,2020.52
4512,1,406.09
4470,1,364.5
4383,3,563.94
4428,1,393.54
4715,1,252.42000000000002
4749,1,201.60000000000002
4455,1,158.04
4541,2,467.31
4756,1,115.65
4395,7,2014.26
4637,2,773.87
4412,2,277.05
4414,10,2802.92
4387,22,8347.2
4422,1,427.93
4744,1,418.92
4755,1,326.0
4478,2,913.19
4408,7,2314.32
4458,2,602.51
4440,4,1877.59
4404,1,446.94000000000005
4423,7,2735.85
4520,1,2007.4
4391,12,2493.76
4511,1,168.0
4423,3,1245.16
4552,7,3703.29
4391,5,1690.2600000000002
4596,2,596.85
4397,6,5955.71
4552,2,642.41
4423,1,316.88
4569,1,394.14
4555,1,500.0
4387,4,1535.53
4399,2,231.86
4392,4,2183.54
4708,1,107.45
4495,1,288.18
4672,1,94.0
4399,2,1345.53
4384,3,815.77
4475,5,716.2
4531,2,626.77
4572,1,349.1
4414,2,522.51
4416,4,1056.34
4647,1,267.18
4467,8,3450.84
4409,4,1358.68
4554,1,190.53
4392,3,774.9000000000001
4696,1,574.73
4447,4,3984.32
4468,1,508.8
4407,1,135.85999999999999
4441,4,950.36
4706,2,97.7
4421,1,43.5
4637,2,383.34000000000003
4402,5,1523.44
4416,3,1531.93
4398,1,93.78
4409,2,415.2
4406,1,171.19
4596,2,533.3
4391,5,1041.48
4405,1,149.29
4395,3,1191.69
4645,1,202.11
4514,1,156.58
4437,3,393.3
4631,1,594.0
4384,7,3563.94
4392,2,1425.66
4647,1,113.5
4713,1,155.17
4695,1,494.64
4409,3,974.52
4413,1,429.84
4412,3,571.08
4384,7,1480.92
4745,1,211.6
4666,3,434.59000000000003
4645,1,249.67
4408,1,161.64
4737,1,244.96
4477,3,234.6
4412,1,126.14
4721,1,1044.65
4402,18,7354.62
4468,1,338.78
4392,3,532.68
4434,2,467.51
4433,2,538.55
4385,1,513.3
4496,1,371.56
4397,7,1771.2
4460,1,454.11
4423,2,1399.92
4398,12,10879.76
4544,4,235.3
4384,4,3590.41
4413,3,2564.5
4475,1,91.32000000000001
4405,3,1134.28
4478,6,3100.09
4411,2,659.4599999999999
4415,5,2203.02
4404,2,1298.43
4400,2,1262.2
4385,27,13316.4
4391,4,1131.56
4398,12,10994.93
4745,1,141.04
4464,1,52.83
4435,5,3610.96
4405,3,1045.2
4554,1,555.96
4572,6,1000.27
4713,1,250.0
4394,5,938.13
4538,2,121.0
4416,19,14758.220000000001
4395,11,4272.42
4427,3,62.43
4616,1,267.03
4447,8,1969.85
4384,1,343.5
4423,8,3000.2
4415,2,439.99
4467,1,412.01000000000005
4407,1,440.0
4385,3,820.14
4416,2,148.44
4401,8,2557.23
4637,1,229.33
4405,11,3994.6
4404,4,1551.3600000000001
4391,2,1996.28
4408,4,1606.01
4402,3,807.5699999999999
4556,4,514.15
4546,1,110.92
4390,1,538.46
4394,1,213.3
4497,1,85.13000000000001
4671,1,138.06
4392,9,3546.71
4437,2,288.97
4390,14,5049.93
4460,3,1812.66
4387,4,575.63
4419,1,436.06
4600,1,90.12
4443,1,477.23
4660,1,217.2
4395,16,4833.51
4407,1,279.77
4411,1,568.6800000000001
4394,4,800.59
4734,1,134.55
4405,4,1400.44
4433,2,173.16
4401,1,186.01
4385,3,758.29
4486,5,1375.71
4390,12,4335.97
4394,4,681.4200000000001
4387,7,2666.95
4414,2,672.5
4560,4,740.09
4420,1,921.37
4534,3,258.88
4545,1,127.1
4451,2,360.8
4503,13,3681.7200000000003
4407,3,682.9100000000001
4406,4,720.86
4559,1,455.3
4433,4,913.6800000000001
4638,3,478.53000000000003
4429,1,388.58
4453,1,199.8
4398,5,1771.78
4483,5,1406.59
4418,1,324.57
4436,1,240.68
4409,2,761.74
4394,14,6776.56
4391,9,1297.87
4461,1,48.480000000000004
4435,1,216.39
4419,5,1198.23
4444,9,2920.16
4719,1,104.76
4411,4,1093.68
4567,1,298.48
4434,1,112.46000000000001
4392,13,1591.45
4419,2,195.15
4393,23,10399.74
4415,4,776.851
4393,1,336.40000000000003
4439,3,1553.18
4387,4,1529.9099999999999
4426,9,3709.56
4524,1,301.03
4499,4,588.13
4486,4,1534.26
4457,2,675.8
4387,9,2870.2400000000002
4428,2,1186.35
4398,8,3285.31
4400,1,243.55
4472,2,724.76
4435,1,223.36
4517,1,425.32
4387,15,12509.5
4488,4,1887.2
4574,3,664.0
4549,4,832.55
4401,1,634.96
4540,3,447.64000000000004
4587,2,639.5
4719,2,816.0
4419,3,646.3
4474,1,337.74
4475,2,877.4399999999999
4392,2,922.53
4626,1,560.6700000000001
4428,4,748.5
4405,1,30.0
4573,5,1024.1000000000001
4426,1,306.45
4408,9,1600.86
4700,2,309.8
4489,1,138.14
4433,1,386.43
4551,2,2222.21
4422,1,301.32
4600,1,76.32000000000001
4423,4,684.34
4679,1,173.05
4401,7,2657.13
4471,4,3831.0699999999997
4456,5,2446.6
4464,3,323.69
4401,3,3435.76
4432,1,657.23
4435,1,352.70000000000005
4407,4,781.28
4392,3,1333.68
4408,5,1426.16
4500,1,193.75
4391,9,2993.1
4502,2,254.1
4387,2,239.76
4635,1,136.8
4411,1,191.04
4383,14,6479.4
4649,2,409.98
4416,8,2787.4700000000003
4400,1,309.65
4555,2,712.93
4385,4,1573.53
4647,1,211.5
4523,4,2325.12
4584,1,143.1
4446,4,1060.56
4418,4,976.67
4423,7,3360.77
4666,1,133.25
4392,5,1072.3600000000001
4526,2,356.7
4394,2,330.03
4528,4,1147.52
4617,1,150.3
4415,13,5057.27
4407,1,598.73
4394,1,500.27000000000004
4418,5,2260.16
4747,1,193.25
4584,2,218.25
4398,1,415.25
4399,7,5289.76
4595,1,85.0
4448,3,1120.88
4595,2,294.12
4665,1,162.3
4497,2,1339.45
4397,8,1188.1200000000001
4401,16,4862.42
4449,1,449.12
4432,1,154.88
4399,4,786.49
4460,1,34.8
4402,4,1094.5900000000001
4517,1,196.88
4395,3,973.18
4423,1,163.11
4618,3,44534.3
4385,8,2477.2
4422,7,2699.29
4687,1,79.2
4434,3,458.57
4393,6,2364.25
4444,4,529.18
4448,2,714.42
4407,1,205.25
4601,3,253.04
4448,2,583.75
4414,2,1086.92
4471,6,3279.97
4447,1,315.06
4498,3,621.83
4390,26,56252.72
4388,1,635.6800000000001
4451,1,270.8
4628,1,104.9
4516,1,241.62
4624,4,1047.11
4566,3,475.28000000000003
4408,3,345.46
4392,3,2614.7400000000002
4393,1,246.3
4415,5,2328.97
4429,3,4919.0
4409,3,960.18
4741,1,351.3
4393,1,218.75
4426,2,1612.69
4397,3,965.61
4532,1,610.01
4384,8,2717.11
4496,4,2207.4
4458,3,907.96
4490,2,696.89
4429,3,1063.95
4525,1,451.42
4434,1,415.82000000000005
4383,13,4206.39
4406,17,5488.18
4429,3,784.58
4433,3,903.9
4689,4,3694.87
4419,5,515.77
4461,4,1391.98
4405,6,2218.62
4490,5,1801.14
4590,2,1303.9099999999999
4399,4,1945.33
4446,5,2100.6
4432,4,1905.45
4702,1,206.98
4427,2,570.96
4386,2,885.47
4755,1,15.0
4555,1,532.9399999999999
4439,3,1654.31
4456,14,1836.0900000000001
4482,2,636.14
4420,1,576.0
4441,3,808.68
4637,1,836.79
4453,4,2348.36
4427,4,954.09
4433,1,137.37
4447,1,391.98
4394,19,33643.08
4416,3,1048.49
4441,2,355.56
4455,4,1224.06
4686,1,118.95000000000002
4429,1,130.74
4400,8,3711.77
4421,2,389.27
4402,2,246.72
4569,2,160.71
4434,1,126.1
4387,12,2969.12
4519,5,721.09
4387,27,16457.3
4401,1,297.0
4398,5,1496.92
4423,8,975.11
4395,8,3171.63
4391,4,832.88
4408,2,68.84
4405,6,1936.3200000000002
4423,3,895.13
4484,1,211.89000000000001
4388,15,3810.14
4660,2,171.74
4415,1,437.29
4397,2,377.57
4446,7,4439.75
4384,2,493.18
4752,1,333.98
4695,5,501.39000000000004
4581,4,516.36
4385,2,396.48
4475,3,379.35
4443,1,181.09
4463,1,172.0
4539,2,432.67
4609,1,511.68
4636,2,291.4
4532,1,179.17
4577,2,228.39000000000001
4384,5,1441.88
4751,1,56.25
4406,1,368.64
4399,3,360.81
4392,7,5126.76
4391,1,164.68
4402,7,1603.94
4386,3,1199.3
4556,1,191.94
4383,8,1297.14
4561,2,264.62
4399,8,1529.1100000000001
4630,1,123.1
4573,2,343.08
4402,2,631.87
4537,4,167.5
4555,1,323.03000000000003
4756,1,369.5
4755,1,127.08
4577,1,207.15
4450,1,426.63000000000005
4387,8,2495.87
4404,3,1107.46
4622,2,416.86
4447,1,145.35
4495,5,404.58
4472,15,6115.01
4694,1,35.8
4516,1,337.44
4659,1,325.09999999999997
4748,1,181.0
4465,1,1708.24
4391,2,955.24
4399,2,364.72
4414,4,1785.96
4391,2,708.22
4416,4,781.9100000000001
4398,8,1657.28
4407,14,4416.26
4414,1,453.85
4457,1,104.35
4402,2,470.76
4400,4,894.09
4406,2,430.35
4385,3,666.1
4686,1,314.1
4400,12,4199.85
4749,1,307.82
4422,7,3442.15
4467,1,371.01
4548,2,427.64
4400,2,1129.73
4460,1,1098.78
4471,3,2398.86
4407,8,3408.48
4405,4,1583.08
4385,10,3022.91
4506,2,1142.42
4413,1,168.12
4395,7,1477.52
4402,1,156.78
4427,2,792.11
4386,1,41.989999999999995
4391,7,2872.66
4437,1,443.97
4471,6,1047.58
4419,5,3135.32
4385,3,12393.7
4412,5,2735.37
4395,4,598.78
4594,1,101.4
4430,4,1743.29
4406,3,478.78
4405,4,996.61
4628,3,421.79
4391,16,3367.96
4418,3,1519.89
4386,47,39275.6
4420,3,651.9
4386,3,731.65
4386,8,1574.46
4430,1,273.48
4422,2,408.9
4429,9,3786.2400000000002
4399,3,851.01
4643,1,629.28
4429,3,719.81
4395,1,259.4
4412,1,439.65999999999997
4426,1,253.34
4474,6,934.62
4421,63,81308.76
4692,1,377.74
4475,2,561.7
4388,20,8895.04
4579,3,437.7
4470,2,758.92
4652,3,855.02
4390,3,471.78000000000003
4448,3,1313.55
4413,3,3166.4
4405,5,1177.47
4420,4,773.99
4502,4,1340.7
4756,2,256.44
4423,3,1258.48
4556,1,137.9
4437,1,362.06
4415,2,1553.2
4528,1,783.9
4603,1,134.8
4428,1,650.75
4399,7,2263.12
4448,6,1476.8600000000001
4392,4,1153.62
4643,1,335.32
4748,1,371.34
4399,5,1526.84
4405,2,852.15
4427,1,326.24
4671,1,584.3199999999999
4680,1,122.39999999999999
4386,10,2295.93
4666,1,79.2
4399,3,1352.0
4464,2,217.16
4439,5,2818.62
4483,2,1317.62
4682,1,436.18
4406,5,985.26
4442,5,1121.39
4537,2,315.06
4497,3,817.86
4489,1,17.0
4394,4,1078.23
4647,1,320.62
4623,1,185.04999999999998
4470,7,2073.13
4433,3,731.9
4453,1,1290.7
4425,3,1842.14
4390,6,1429.64
4444,1,298.21
4631,1,336.96
4448,1,108.38
4400,7,3204.1600000000003
4467,1,842.5
4601,2,611.88
4428,3,1392.47
4526,4,195.74
4566,1,161.38
4553,1,135.75000000000003
4392,8,1672.1
4594,1,612.78
4572,1,232.21
4391,2,423.36
4442,4,1427.94
4440,2,1046.06
4456,4,684.4200000000001
4434,1,307.78
4700,1,249.0
4750,1,289.35
4412,4,6287.77
4422,1,656.25
4400,5,1880.22
4434,6,3506.54
4386,33,14589.04
4404,2,618.09
4645,1,517.55
4442,3,709.38
4401,3,635.41
4448,2,725.1800000000001
4471,1,620.4
4632,1,535.34
4386,6,2424.94
4629,1,175.2
4391,11,3799.4900000000002
4540,3,734.13
4516,1,375.0
4679,1,76.32000000000001
4387,2,280.52
4425,5,2053.02
4651,1,1829.04
4432,5,1824.23
4391,9,3166.29
4398,3,656.69
4664,1,348.2
4448,2,1025.44
4384,19,5542.07
4635,1,37.4
4615,2,856.6000000000001
4400,3,910.98
4393,27,3787.6
4391,4,1822.97
4433,6,1885.05
4442,1,73.2
4478,5,1140.21
4398,6,1418.32
4509,3,1009.5500000000001
4477,4,1037.59
4433,1,331.95
4521,1,197.9
4443,1,215.83
4483,8,10254.18
4456,1,305.54
4455,4,6617.65
4450,1,338.71000000000004
4447,6,1158.79
4399,2,529.41
4405,12,4006.94
4414,15,6911.4400000000005
4427,4,981.86
4398,2,215.48
4423,1,215.08
4385,13,5180.52
4619,1,314.45
4458,1,400.68100000000004
4387,2,1129.14
4386,4,1863.47
4743,1,365.27
4441,4,592.9
4406,1,427.43
4413,4,786.73
4437,4,542.01
4408,1,394.38
4427,2,670.86
4471,5,2262.62
4384,18,21086.3
4471,1,547.02
4402,2,690.34
4461,1,159.0
4553,3,1062.75
4463,1,242.35
4650,1,914.9300000000001
4618,2,304.25
4412,7,3084.68
4419,3,866.66
4701,1,787.65
4440,4,1295.3
4427,5,1127.55
4586,3,255.12
4608,1,314.22
4470,2,1010.6
4572,2,542.03
4426,4,990.88
4454,3,536.6800000000001
4423,5,867.31
4461,1,432.2
4439,2,414.2
4407,2,3718.8
4392,13,2615.11
4391,7,3631.61
4416,2,409.1
4594,2,1522.75
4406,3,1413.66
4553,1,114.56
4444,1,152.94
4435,5,1800.07
4644,2,389.44
4449,2,3683.86
4399,8,2660.41
4649,1,752.4300000000001
4559,1,46.95
4428,5,5203.51
4433,1,1035.45
4400,4,749.98
4392,9,5447.0
4456,7,873.49
4454,2,667.65
4736,1,1141.24
4385,5,1440.39
4499,1,411.7
4756,1,371.95
4579,1,559.87
4559,1,810.6
4483,1,566.38
4404,3,1502.78
4455,1,2062.06
4722,1,168.3
4388,5,1621.66
4414,2,918.02
4552,1,142.5
4504,1,302.25
4404,10,2248.9900000000002
4392,4,1328.55
4651,1,301.9
4405,3,598.2
4509,1,233.22
4408,3,5360.63
4521,1,361.21999999999997
4596,6,632.27
4420,4,2560.0
4489,2,706.5699999999999
4400,2,616.26
4386,2,274.15000000000003
4713,1,226.37
4447,8,2938.91
4502,3,1341.65
4418,1,328.15
4600,1,404.40000000000003
4384,2,337.25
4579,1,207.50000000000003
4511,3,430.47
4429,3,594.24
4388,14,3290.93
4397,6,3898.72
4400,3,251.91
4411,7,1597.46
4390,22,26626.8
4419,1,151.05
4540,1,214.8
4667,1,98.4
4490,1,603.16
4407,4,1971.8700000000001
4458,4,322.40999999999997
4399,2,360.46999999999997
4541,1,205.20000000000002
4427,1,599.26
4394,2,1039.3
4415,7,1459.41
4673,1,53.5
4404,4,1116.47
4715,1,153.9
4400,2,494.44
4386,23,6675.71
4446,2,395.8
4580,3,211.77
4416,3,658.88
4384,4,2027.5
4390,9,1750.92
4387,6,3738.71
4392,4,941.9
4415,5,754.97
4436,1,109.36000000000001
4394,2,705.79
4400,9,1540.42
4401,1,327.3
4420,2,831.42
4385,2,557.83
4401,3,1547.49
4465,4,1393.96
4416,2,391.09
4449,2,498.23
4391,2,1146.92
4650,1,676.2
4630,3,362.95
4387,4,2157.4
4444,1,1917.3899999999999
4457,2,728.8199999999999
4472,2,584.5
4443,3,554.86
4411,2,337.18
4705,1,94.36
4436,4,1382.07
4652,1,247.59
4385,13,3157.01
4439,5,1555.34
4443,5,1552.4
4537,2,1705.8
4402,2,408.02
4477,1,308.28
4384,12,4106.57
4647,2,302.3
4695,1,177.5
4453,1,443.05
4685,2,167.25
4401,1,179.67000000000002
4395,10,2165.18
4419,5,2076.08
4402,2,228.29
4436,1,190.14000000000001
4439,1,264.75
4404,2,126.25
4427,1,214.91
4409,3,1112.3
4427,3,672.47
4495,6,958.71
4400,51,34684.4
4407,1,346.12
4574,1,133.56
4685,1,302.7
4385,10,1922.46
4646,2,241.06
4489,1,284.55
4440,1,300.85
4596,3,729.95
4447,1,287.40000000000003
4411,1,184.26
4412,7,1511.8
4388,5,802.1
4390,5,3674.32
4450,2,419.0
4384,3,627.24
4429,4,670.94
4416,1,232.16
4383,2,168472.5
4518,1,255.91
4581,1,182.99
4580,2,707.69
4532,1,311.92
4470,1,266.97
4427,2,6.9
4446,7,1841.18
4482,5,2158.75
4601,1,208.36
4385,18,3482.7400000000002
4411,3,818.73
4560,1,151.17
4456,3,136.0
4404,4,1422.4
4402,3,1395.16
4416,7,1734.01
4457,1,74.9
4406,4,646.87
4434,4,811.79
4657,1,223.95000000000002
4547,3,316.11
4390,7,2024.9
4471,4,544.3
4446,7,2494.46
4408,3,331.0
4393,2,300.83
4458,1,774.61
4398,1,220.62
4575,1,139.35
4556,2,404.3
4460,1,366.4
4416,3,498.8
4429,1,731.5
4462,4,1351.63
4679,1,863.53
4386,3,785.41
4391,3,1599.52
4432,6,2965.69
4544,2,100.97
4743,2,365.45
4387,6,400.86
4489,4,1431.93
4408,1,491.08
4414,1,777.6
4402,2,90.30000000000001
4679,1,363.7
4755,1,248.1
4404,3,960.38
4387,4,874.59
4435,5,1678.34
4413,1,101.69999999999999
4660,1,162.7
4444,2,484.32
4408,2,215.07999999999998
4569,3,1046.57
4384,21,9418.470000000001
4385,26,13027.45
4554,1,290.36
4464,1,228.06
4386,1,244.41
4573,1,455.25
4405,7,1244.59
4400,3,6748.8
4402,3,1089.32
4388,1,593.75
4493,1,623.52
4385,4,1388.81
4436,1,119.62
4547,1,339.3
4673,2,787.15
4393,10,4194.58
4491,5,2298.97
4478,3,922.12
4625,2,379.73
4546,12,5719.82
4425,3,837.1
4418,2,285.89
4449,7,3313.79
4407,2,281.85
4383,20,8338.49
4409,2,841.41
4388,2,511.12
4436,1,1077.74
4747,1,173.7
4398,5,614.66
4577,2,865.6
4386,1,124.2
4398,10,3738.4
4409,3,1421.69
4510,3,1009.6
4467,2,663.61
4454,1,451.44
4565,1,105.84
4496,1,313.62
4756,1,233.45
4463,2,936.08
4631,1,463.95
4615,1,225.15
4454,3,459.24
4451,1,213.5
4387,16,4113.68
4433,3,361.83
4458,1,181.09
4444,1,363.92
4398,2,250.15
4387,1,90.04
4668,1,145.04999999999998
4387,6,813.52
4423,1,250.35
4419,1,528.0799999999999
4457,2,482.47
4400,14,3347.71
4398,7,5493.46
4602,1,75.66
4569,1,150.24
4415,4,1187.66
4453,1,618.59
4565,1,506.19
4398,2,500.42
4618,1,151.85
4414,5,2647.59
4646,1,226.21
4386,2,178.96
4434,4,813.48
4628,1,129.45000000000002
4463,2,831.24
4657,1,333.08
4383,17,4413.1
4462,1,322.8
4412,5,2188.05
4456,2,408.63
4400,6,2883.1
4605,2,217.9
4415,4,1154.47
4405,10,1680.72
4414,3,1257.51
4488,1,231.10000000000002
4387,2,688.33
4628,1,487.51
4560,2,833.78
4552,2,214.06
4425,1,290.65999999999997
4454,1,518.42
4441,7,6773.97
4399,2,1212.66
4524,4,601.27
4400,6,3806.36
4405,15,8625.8
4392,4,916.98
4751,1,123.24
4572,1,39.12
4399,4,1267.65
4745,1,135.4
4402,1,118.98
4451,2,567.1800000000001
4398,6,306.71999999999997
4406,3,1394.78
4399,11,4095.9
4411,3,1692.27
4385,20,8134.9400000000005
4437,2,304.24
4416,4,1592.12
4385,12,3109.99
4749,1,129.75
4426,1,183.7
4455,6,1770.34
4387,5,1028.0
4387,28,66653.56
4444,2,326.58
4430,7,3017.66
4384,4,1260.86
4458,2,422.59999999999997
4455,2,225.57999999999998
4639,2,1276.0
4451,2,477.86
4518,4,657.9000000000001
4624,1,119.5
4609,2,1998.0
4391,13,5076.55
4391,13,5398.3
4383,20,14034.99
4420,3,549.2
4428,1,656.63
4467,5,3029.87
4402,10,2542.61
4386,5,1651.03
4392,11,3761.17
4401,15,6923.23
4601,3,1249.06
4461,1,301.71999999999997
4649,2,901.2
4406,6,3843.08
4752,1,663.0500000000001
4397,7,1811.92
4409,1,152.95
4645,1,292.47
4400,13,4730.81
4474,2,684.53
4685,7,823.07
4409,5,1550.52
4747,1,276.72
4429,4,1093.58
4421,21,7359.64
4435,3,780.11
4414,1,603.75
4435,3,692.8100000000001
4461,5,2303.66
4436,1,417.59999999999997
4680,1,3.75
4559,1,323.0
4429,1,464.9
4412,7,2222.88
4394,7,1294.25
4469,17,7213.650000000001
4387,18,6695.46
4420,2,836.06
4400,5,1515.9
4427,5,623.9300000000001
4413,1,2002.22
4755,1,207.5
4441,1,223.92000000000002
4755,1,2002.4
4497,3,1480.43
4597,1,239.4
4701,1,106.83000000000001
4448,1,369.34
4390,3,789.79
4479,1,316.62
4402,3,1207.24
4581,1,611.85
4386,13,2851.96
4677,1,34.0
4656,2,1145.6
4413,11,5590.68
4430,3,492.84
4643,1,467.49
4440,5,785.24
4416,5,2244.71
4440,1,186.59
4450,4,673.32
4393,11,1691.51
4443,1,449.34000000000003
4463,2,235.1
4457,2,245.94
4385,22,10621.62
4483,2,457.34
4755,1,311.25
4393,13,2267.9500000000003
4402,1,107.6
4506,2,600.63
4391,1,80.8
4386,6,1545.6200000000001
4412,7,1714.48
4665,2,125.38
4440,1,243.84
4384,10,1247.05
4748,1,452.68
4472,1,305.62
4394,1,1252.24
4546,4,1594.23
4448,1,332.3
4406,3,536.99
4556,2,460.59000000000003
4486,4,769.96
4525,3,1121.59
4482,2,288.42
4406,5,945.39
4575,1,309.54
4387,2,547.07
4743,1,479.35
4391,10,1695.38
4397,21,6416.7
4486,4,417.06
4385,9,1604.75
4393,11,3349.57
4478,1,497.61
4610,1,401.83
4398,2,460.64
4421,2,775.18
4434,1,341.7
4476,2,128.5
4539,1,197.22
4421,1,325.91
4567,3,199.15
4384,4,1106.53
4610,1,413.46
4511,2,180.85
4422,2,251.87
4414,11,3170.98
4580,2,588.85
4391,34,16594.35
4419,6,1869.82
4483,3,1264.19
4425,16,10196.57
4433,1,214.32
4426,1,193.44
4435,1,281.42
4569,1,124.57
4716,1,332.41
4387,3,342.45
4393,2,144.91000000000003
4406,2,328.4
4397,1,35.400000000000006
4751,1,462.81000000000006
4527,2,747.81
4442,2,173.76000000000002
4414,2,502.8
4523,3,207.73999999999998
4405,4,829.57
4405,6,2812.34
4460,3,680.0200000000001
4387,6,7123.62
4450,5,2095.53
4395,6,850.37
4467,1,13.3
4413,7,1557.48
4449,1,432.0
4449,3,705.12
4570,2,272.48
4420,2,429.84000000000003
4398,3,562.41
4418,1,226.33
4577,3,1582.47
4384,5,773.04
4384,5,518.1899999999999
4749,1,152.69
4447,1,243.42000000000002
4682,2,289.78000000000003
4409,3,501.03
4390,6,1271.06
4399,3,887.11
4499,1,1759.38
4412,1,428.05
4387,16,3695.57
4388,7,3453.89
4464,4,599.0400000000001
4412,5,928.76
4455,1,379.14
4387,8,1508.96
4411,11,2555.58
4673,1,113.44
4419,1,212.02
4392,6,621.6800000000001
4406,2,596.66
4659,1,391.52
4432,6,1125.17
4539,11,2592.25
4444,1,183.04
4395,19,7389.09
4404,3,836.73
4754,1,230.25
4498,3,543.05
4463,17,3033.75
4386,7,1295.39
4409,3,378.89
4388,21,4619.31
4436,1,206.68
4384,2,578.08
4437,2,965.03
4408,1,261.9
4391,4,2752.03
4435,3,3073.04
4395,9,1957.4
4594,3,816.73
4404,19,4345.5
4618,1,406.48
4521,3,435.02000000000004
4386,6,1286.27
4439,3,1199.56
4517,3,1277.75
4492,2,167.61
4413,1,20.8
4383,9,2085.08
4567,4,518.67
4400,1,308.74
4622,2,416.64
4470,1,117.35
4421,3,507.05
4499,1,234.17
4570,1,110.55000000000001
4609,1,201.19
4391,7,2154.97
4572,1,319.02
4387,2,439.43
4422,3,650.41
4421,1,359.76
4650,1,251.51999999999998
4460,1,344.33
4386,6,1860.3
4638,2,1092.3600000000001
4443,1,384.06
4395,7,1916.71
4471,2,4735.11
4400,10,5464.12
4412,2,1873.2
4386,7,1679.75
4388,1,126.12
4390,6,1133.25
4601,1,179.0
4393,5,1614.31
4413,6,1456.96
4671,3,702.0
4532,4,295.0
4406,2,484.82
4383,11,3989.57
4468,3,1493.73
4429,2,1312.14
4387,4,781.78
4433,6,889.9300000000001
4401,1,195.36
4413,1,270.9
4391,3,590.03
4411,3,1846.1100000000001
4385,20,8694.26
4423,2,920.1
4394,4,1327.16
4414,1,71.0
4428,3,95.85
4443,3,357.77
4568,2,154.82999999999998
4461,6,971.56
4493,2,716.0
4446,1,146.87
4394,2,380.35
4469,3,1030.1399999999999
4399,3,745.52
4628,2,433.53000000000003
4470,1,1267.32
4413,1,112.4
4520,1,449.72999999999996
4409,3,1071.49
4385,5,1036.58
4415,4,1735.18
4408,1,948.48
4496,3,339.44
4540,1,642.02
4468,3,1100.9
4500,3,925.35
4385,9,5655.03
4479,6,3231.7400000000002
4577,1,269.79
4411,1,467.62
4513,1,498.48
4411,5,1356.33
4464,3,1179.89
4412,5,3147.2
4649,1,234.24
4456,11,5232.2300000000005
4696,4,533.33
4404,7,1461.14
4441,3,867.25
4395,21,4552.14
4411,9,2709.7
4497,1,304.24
4411,9,2429.03
4400,4,1471.44
4400,4,834.12
4419,3,841.0799999999999
4419,2,378.2
4461,1,118.80000000000001
4405,2,287.62
4408,2,288.91
4416,2,2003.85
4492,3,1405.78
4418,2,2800.91
4506,5,1562.4
4390,6,2050.08
4411,4,1991.01
4387,7,1983.5
4385,9,3827.76
4433,4,1869.58
4705,1,302.0
4405,3,1324.16
4398,4,1022.13
4401,2,971.74
4393,4,1621.73
4644,1,25.5
4542,2,665.78
4416,6,10949.82
4412,6,935.89
4548,1,163.3
4430,1,231.60999999999999
4388,8,813.09
4391,3,837.5
4671,1,116.2
4700,1,157.02
4386,2,606.91
4616,1,307.46
4502,1,138.32
4544,1,345.3
4568,1,294.24
4433,1,253.0
4535,5,1045.0
4717,1,157.09
4388,5,2840.97
4398,7,4892.240000000001
4489,2,413.2
4399,7,1139.73
4658,1,380.5
4398,12,10650.77
4630,1,469.92
4622,1,579.0
4384,2,984.57
4488,3,749.78
4405,4,1714.59
4434,1,124.88
4577,3,1689.5
4407,1,213.78
4458,1,329.34
4400,2,251.7
4390,2,319.0
4415,3,1266.97
4404,3,1538.88
4414,6,3518.03
4411,10,1715.46
4404,2,293.1
4415,7,2467.35
4667,1,158.68
4421,2,206.34
4440,2,835.78
4672,1,224.91
4461,1,317.76
4388,8,3766.6
4600,1,59.9
4427,4,1443.69
4584,1,306.13
4561,3,711.79
4439,4,783.97
4440,2,239.92000000000002
4390,6,3347.31
4429,2,144.0
4609,1,203.95
4394,7,2474.23
4489,2,391.25
4441,2,444.74
4411,7,2172.28
4418,7,1699.3
4656,2,388.04
4412,1,1013.01
4406,3,723.27
4436,1,289.78
4418,6,3564.83
4558,4,1564.56
4436,1,384.08
4436,1,204.24
4409,8,2334.16
4636,1,226.85
4423,7,2781.23
4443,6,1074.47
4617,1,113.5
4387,10,2010.77
4414,1,116.78
4407,14,3273.22
4390,2,334.48
4448,1,328.65
4693,2,433.79
4691,1,393.49
4401,6,1043.8700000000001
4398,8,1939.3700000000001
4479,2,318.76
4647,8,3638.41
4395,10,3251.3
4385,2,417.77
4418,1,190.88
4565,1,149.89
4408,2,550.06
4395,6,941.09
4394,2,314.69
4385,17,3978.14
4695,1,382.5
4491,2,1135.04
4384,26,8678.55
4436,1,954.9
4587,1,171.45
4398,1,286.39
4503,1,326.90000000000003
4386,2,384.57
4745,1,269.83
4499,2,348.91
4401,1,178.26
4387,2,271.19
4423,2,362.58
4490,2,285.9
4531,2,626.58
4435,5,1253.3600000000001
4591,1,63.44
4521,2,578.4
4385,3,371.1
4510,2,317.2
4490,4,763.64
4425,4,2148.63
4418,1,114.57
4610,2,1065.35
4624,1,246.04
4440,1,281.43
4513,3,1689.81
4443,6,1664.68
4404,1,151.37
4409,7,1049.06
4392,7,1504.0
4414,3,1054.41
4386,2,522.23
4691,1,550.8000000000001
4391,9,1876.26
4411,3,547.0
4400,1,128.18
4484,2,498.42
4394,4,656.61
4404,1,163.24
4397,5,1135.63
4744,1,250.04
4393,19,8631.31
4478,1,97.75
4461,2,1384.85
4521,3,644.3
4414,1,2328.84
4407,8,2527.92
4384,38,6524.13
4429,3,2600.34
4483,3,1200.6200000000001
4391,2,695.11
4398,7,921.96
4400,4,986.48
4663,1,96.8
4397,2,523.11
4405,2,363.9
4506,1,175.2
4468,1,494.25
4685,2,307.02
4534,4,2043.18
4400,8,6896.14
4477,2,243.36
4412,11,12353.29
4539,3,747.54
4738,1,193.64000000000001
4429,1,157.62
4398,4,582.0
4386,15,2667.73
4469,1,228.96
4397,5,1193.65
4562,1,98.25
4391,4,1314.36
4419,3,587.15
4512,2,1740.0
4433,1,1571.26
4694,1,178.22
4407,2,495.78
4686,2,372.61
4394,1,177.24
4400,3,656.62
4432,3,519.45
4622,2,312.23
4383,11,4495.33
4395,8,5045.81
4621,1,167.55
4406,8,2433.87
4455,4,446.18
4400,3,418.4
4423,8,1367.88
4423,4,646.92
4601,2,495.77
4582,3,400.1
4453,2,203.2
4406,20,4119.97
4394,1,454.41
4391,29,20275.61
4448,1,65.4
4387,1,193.39
4402,2,336.40000000000003
4397,1,270.26
4390,6,2686.42
4402,2,776.51
4460,4,1259.56
4383,34,31833.68
4546,2,508.8
4689,2,453.04
4602,1,203.86999999999998
4422,8,7330.8
4405,2,681.41
4497,3,653.38
4509,5,2141.55
4387,13,2633.85
4419,1,263.92
4384,3,1031.41
4716,3,2250.86
4546,1,32.65
4567,2,771.85
4399,5,1214.72
4395,3,778.94
4385,7,1258.06
4426,2,778.0
4462,1,507.84
4412,7,6893.42
4425,2,463.46
4394,12,4226.57
4433,3,598.83
4399,6,1979.37
4429,2,698.41
4402,2,759.1700000000001
4391,6,5037.26
4454,1,100.8
4383,28,17256.85
4511,3,524.9200000000001
4415,2,265.76
4696,1,407.46999999999997
4401,2,365.76
4471,1,308.11
4385,7,2373.82
4384,2,216.29999999999998
4636,1,388.45000000000005
4539,3,186.42
4419,6,2248.56
4559,2,120.9
4423,2,541.53
4385,7,2531.01
4391,46,194390.79
4384,7,1721.4
4400,2,486.71999999999997
4575,4,517.53
4586,1,131.7
4748,1,249.86
4509,5,1737.7
4398,1,327.75
4426,2,677.05
4477,6,622.4300000000001
4405,3,735.82
4443,2,675.69
4399,5,1912.43
4541,1,289.96
4393,2,763.28
4393,2,137.0
4399,5,1870.97
4427,5,1125.07
4574,3,770.7900000000001
4462,1,194.37
4460,1,511.82
4386,4,1255.59
4448,3,414.04
4644,1,396.87
4441,2,376.64
4383,7,2092.32
4384,10,3558.87
4631,1,374.57
4390,2,497.56
4741,1,271.05
4458,1,272.22
4672,1,622.88
4400,3,1138.0
4603,2,288.6
4392,4,689.1
4385,2,558.96
4589,9,2997.03
4544,2,1145.84
4458,1,302.2
4644,2,614.33
4440,8,6083.64
4407,1,308.48
4385,31,91062.38
4411,10,2924.9900000000002
4455,1,513.2
4511,1,208.65
4414,4,654.02
4398,5,774.13
4691,1,153.94
4400,6,1844.02
4436,1,546.81
4412,3,723.21
4384,5,1104.31
4394,4,660.24
4744,1,145.0
4742,1,422.70000000000005
4387,4,1195.8999999999999
4436,4,939.37
4384,8,3644.32
4384,10,2441.42
4573,1,296.7
4436,1,223.36
4663,1,164.4
4560,1,76.5
4412,2,887.67
4408,1,98.42
4407,2,578.9
4652,1,176.54999999999998
4426,3,649.97
4616,1,103.3
4406,2,148.86
4580,3,267.15999999999997
4742,1,290.34
4443,4,930.41
4512,1,1487.6
4384,5,1986.45
4402,2,494.16
4588,1,157.9
4397,3,541.46
4477,4,854.95
4402,1,166.45
4397,7,1122.38
4407,3,454.01
4391,2,1030.82
4390,8,4331.48
4715,1,344.14
4433,4,1614.59
4454,4,226.75000000000003
4412,3,380.6
4625,1,185.65
4391,19,3594.49
4601,1,143.45999999999998
4387,3,462.70000000000005
4635,3,215.72
4383,25,11025.24
4619,1,180.22
4390,2,1242.3
4492,4,1155.07
4483,3,1240.2
4443,4,2417.92
4385,3,1558.1
4456,7,2284.91
4386,5,3994.61
4468,2,993.18
4395,2,386.69
4406,7,2935.91
4596,1,2044.3700000000001
4400,1,161.67000000000002
4622,1,116.00999999999999
4385,6,5350.92
4461,1,394.72
4600,2,309.36
4416,2,195.03
4423,5,1171.47
4390,15,3981.82
4436,6,2048.45
4405,14,4584.150000000001
4440,1,387.58
4513,3,329.6
4556,3,571.1999999999999
4388,3,943.03
4695,1,225.24
4442,1,81.44
4404,3,1379.9
4415,1,527.0500000000001
4397,2,843.48
4401,4,2106.87
4464,1,75.75
4388,8,1814.12
4552,2,503.59999999999997
4384,3,528.33
4414,4,1324.84
4419,9,2358.59
4402,1,285.56
4414,2,547.0600000000001
4659,1,108.5
4469,1,621.66
4502,2,712.29
4756,1,101.55
4384,11,2895.64
4602,3,1008.39
4448,1,133.06
4443,4,1797.5
4521,1,868.49
4404,1,166.08
4394,10,3945.0
4408,12,4867.72
4419,4,1207.56
4660,1,117.55
4393,7,2638.94
4456,5,1674.69
4408,2,595.42
4400,12,2999.46
4524,1,183.0
4408,7,1802.91
4401,2,604.64
4386,2,728.16
4449,5,2055.51
4384,2,347.75
4425,7,3406.7200000000003
4610,1,205.7
4398,4,1572.71
4433,2,3178.17
4384,6,1615.69
4457,2,551.04
4384,31,20374.28
4387,6,1371.18
4384,30,16345.380000000001
4646,1,298.11
4435,2,1992.11
4406,1,184.4
4393,6,2474.33
4426,1,239.40999999999997
4399,7,3214.53
4390,7,5739.46
4413,15,4747.55
4741,2,290.40000000000003
4510,4,740.9399999999999
4520,1,200.47
4524,1,283.12
4514,2,765.34
4421,8,2285.71
4619,1,338.95000000000005
4643,1,154.95
4399,4,2534.64
4635,1,417.95
4413,4,1824.3700000000001
4418,3,798.74
4551,2,885.19
4386,9,1823.52
4387,17,10504.49
4568,2,152.4
4570,2,263.33
4552,1,137.45
4393,2,385.1
4427,1,522.91
4703,1,153.0
4583,1,326.4
4405,11,5655.99
4615,1,139.35
4420,15,5396.04
4409,4,1195.94
4479,4,2424.04
4510,6,3276.4000000000005
4454,3,1033.0
4399,11,3439.08
4398,1,1060.25
4386,3,2876.01
4386,13,5298.4800000000005
4462,4,1240.11
4755,1,303.97
4421,2,692.19
4436,3,700.63
4385,19,13110.02
4392,3,377.44
4392,2,168.24
4402,4,1879.05
4394,7,2791.35
4496,2,355.11
4386,6,2322.4
4623,1,110.25
4495,1,71.4
4561,2,674.52
4388,9,1779.11
4742,1,80.64
4383,5,1749.85
4384,30,5672.9400000000005
4402,8,3501.9900000000002
4400,3,897.15
4404,2,287.59
4415,1,712.78
4646,1,15.0
4433,2,772.55
4541,3,426.25
4398,1,271.2
4391,3,2327.15
4395,10,4054.69
4581,5,1143.27
4439,2,248.33
4393,2,173.45
4479,4,1233.43
4637,1,56.4
4407,3,682.98
4404,3,660.37
4542,2,188.02
4455,2,283.47
4436,1,131.94
4468,2,313.01
4535,4,1858.04
4456,2,1117.9
4664,1,225.9
4409,14,1979.3
4412,1,106.1
4408,1,344.85
4562,2,349.33
4423,4,704.85
4405,3,780.43
4405,10,3091.44
4420,9,1211.3600000000001
4465,3,1299.74
4456,1,512.31
4394,1,546.04
4399,12,5411.91
4387,39,8015.15
4395,4,835.55
4397,5,1755.91
4419,4,36.56
4387,3,402.43
4454,7,3704.87
4434,1,298.4
4388,5,2020.54
4384,3,398.7
4416,1,35.400000000000006
4432,1,155.37
4385,3,342.24
4430,1,132.71
4425,8,1593.58
4409,5,2821.2000000000003
4425,1,345.1
4384,124,42726.37
4686,1,276.48
4468,1,2033.1
4464,9,901.2
4601,4,605.8000000000001
4755,34,5391.21
4394,2,114.34
4568,2,311.26
4755,1,208.97
4384,4,1418.0300000000002
4387,23,26879.04
4388,12,5195.41
4687,1,141.92000000000002
4751,1,253.15
4386,8,2124.73
4706,1,330.9
4442,6,3160.0
4395,3,650.34
4413,20,10533.82
4525,1,329.65
4413,6,1231.52
4490,5,428.18
4385,12,2021.62
4587,1,155.9
4463,5,1879.5600000000002
4568,6,683.46
4553,1,237.61
4426,1,379.45
4556,1,178.51999999999998
4747,1,458.92
4687,1,133.35000000000002
4386,4,733.82
4386,4,707.67
4395,1,165.79
4414,3,871.8
4512,1,111.35
4404,8,795.65
4595,2,201.37
4705,2,593.19
4545,1,203.85999999999999
4439,3,244.1
4608,1,107.21000000000001
4454,8,1125.26
4427,1,95.45
4406,1,256.32
4555,3,578.41
4468,2,152.06
4542,1,164.9
4573,2,112.19999999999999
4412,1,110.38
4404,1,187.32
4454,4,798.99
4630,1,72.89999999999999
4756,1,320.83
4392,1,366.23
4693,5,310.06
4441,2,463.55
4386,1,353.06
4428,3,355.83
4471,1,1304.04
4387,17,4490.18
4447,4,821.49
4665,1,207.50000000000003
4394,7,2962.5
4755,1,244.08
4516,2,397.29
4428,2,212.54000000000002
4394,4,843.0
4418,5,1740.48
4517,2,417.21
4412,3,1331.57
4434,2,704.25
4521,2,147.99
4388,1,429.47999999999996
4391,7,4301.22
4542,1,99.14
4432,10,4020.04
4513,1,304.56
4390,1,77.50000000000001
4616,2,161.38
4420,1,176.68
4530,1,358.56000000000006
4384,45,59693.68
4455,3,554.75
4422,3,1008.5400000000001
4388,12,2338.88
4581,4,557.3
4632,1,12.75
4449,1,111.68
4499,1,508.4599999999999
4554,1,73.78
4404,39,1307.69
4525,1,110.06
4414,2,583.03
4420,14,2602.55
4420,5,1098.43
4754,1,118.07
4756,1,315.6
4549,2,228.2
4594,1,616.79
4624,1,135.19
4434,1,337.04
4407,3,840.75
4398,13,4545.71
4755,1,334.54
4412,1,317.27
4748,1,300.92
4418,4,943.89
4548,3,811.45
4528,1,152.68
4405,1,642.15
4439,1,20.8
4568,1,198.57
4394,7,201.12
4619,3,630.84
4608,2,93.35
4504,4,681.49
4664,1,76.1
4457,8,1965.19
4420,2,391.69
4395,2,496.61
4745,1,196.02
4386,2,231.47
4406,1,465.93
4453,9,2223.2000000000003
4618,1,247.39
4639,1,174.8
4756,1,102.78999999999999
4538,2,187.29
4411,1,172.42
4387,1,120.03
4415,5,1477.66
4464,3,523.0
4491,2,122.14
4434,1,38.45
4418,1,770.93
4535,2,389.78
4481,1,115.31
4387,2,230.64999999999998
4717,1,73.5
4448,1,100.42
4404,2,454.98
4418,3,836.39
4415,3,432.61
4537,6,70.02
4402,2,357.20000000000005
4394,21,4266.49
4436,1,165.04999999999998
4407,3,578.54
4387,10,2088.6
4428,1,178.34
4586,2,172.29000000000002
4742,1,74.4
4453,1,300.02
4390,10,6847.59
4671,1,363.65
4392,1,170.15999999999997
4406,3,306.46
4404,10,2119.41
4556,3,720.52
4516,2,814.0
4388,14,2392.83
4458,1,318.0
4423,1,426.93
4672,1,101.69999999999999
4409,5,2042.04
4640,2,453.0
4568,1,247.44
4497,12,4317.74
4756,1,489.6
4406,10,2611.75
4391,11,2602.11
4600,2,336.13
4428,4,3847.5099999999998
4401,2,1231.5
4419,3,343.45
4408,1,863.88
4399,1,90.47999999999999
4713,2,689.95
4657,1,101.33999999999999
4481,2,4055.7199999999993
4444,1,169.85
4385,11,9068.26
4476,4,2106.52
4464,7,3017.3
4695,2,580.0500000000001
4394,3,1063.97
4390,6,2662.4
4510,1,168.31
4394,2,243.5
4383,60,259657.3
4420,1,754.64
4420,1,113.48000000000002
4712,1,488.35
4637,1,271.0
4384,26,8103.57
4402,1,247.9
4395,2,352.69
4751,1,76.32000000000001
4673,1,220.1
4450,8,1418.6200000000001
4408,1,339.59
4393,26,5715.03
4750,1,180.7
4597,1,111.15
4532,2,662.05
4391,6,1947.32
4407,2,574.4399999999999
4412,4,1155.05
4443,1,200.92000000000002
4402,3,358.77
4626,1,124.35
4398,3,1059.39
4595,1,931.4999999999999
4412,5,686.86
4446,3,784.33
4678,1,152.65
4400,6,8438.34
4540,2,1019.52
4499,2,1000.1600000000001
4390,12,2888.75
4395,4,2895.98
4523,2,160.35000000000002
4428,2,179.33999999999997
4433,3,612.0799999999999
4415,3,566.58
4517,2,653.35
4386,2,399.19
4458,3,371.62
4395,2,719.59
4392,2,453.4
4684,1,530.15
4440,2,638.0600000000001
4398,5,1618.69
4420,1,399.65000000000003
4560,1,302.46000000000004
4406,3,1384.8600000000001
4559,6,1175.04
4443,1,202.65
4416,3,980.31
4441,5,1231.31
4397,20,7561.68
4469,4,2106.84
4390,1,104.0
4741,1,476.35
4414,6,1340.8700000000001
4511,4,1590.81
4392,6,1793.17
4387,6,1843.75
4407,1,396.55
4610,2,632.07
4398,1,49.8
4632,1,304.25
4398,3,2001.04
4460,2,1090.24
4575,2,284.46000000000004
4644,1,207.8
4454,1,957.97
4548,1,243.76
4465,1,973.8399999999999
4478,2,686.63
4387,17,5475.06
4489,1,152.84
4582,3,1396.99
4540,1,160.42
4454,3,2087.05
4419,2,517.36
4411,1,139.10000000000002
4384,6,2621.38
4408,5,600.0699999999999
4709,1,235.17
4619,1,232.48000000000002
4472,1,299.34000000000003
4414,1,481.75
4412,2,621.75
4594,2,641.9200000000001
4385,10,2069.77
4609,1,305.28000000000003
4405,5,1041.61
4475,1,443.0
4387,14,6484.54
4646,1,158.95000000000002
4386,12,5526.05
4427,11,5228.05
4600,1,93.75
4439,2,779.9
4394,20,7276.9
4392,7,2810.2000000000003
4575,5,2330.41
4464,4,592.97
4708,1,440.0
4454,3,1796.48
4412,6,882.24
4385,5,987.1
4601,5,1561.61
4429,1,422.58
4392,17,2073.09
4455,4,2232.4900000000002
4390,7,2567.06
4406,2,596.1
4505,2,804.02
4400,1,95.34
4693,1,349.27
4470,1,4314.72
4433,2,550.55
4472,1,103.3
4422,8,2337.63
4407,3,2338.6000000000004
4555,6,2628.35
4426,2,324.24
4523,1,149.48
4408,3,1213.16
4455,2,801.51
4517,1,25.5
4749,1,168.6
4421,2,283.15
4385,6,3078.58
4385,3,204.0
4413,1,175.92
4426,1,335.86
4441,1,110.38
4456,1,173.9
4660,1,180.60000000000002
4563,1,80.82
4390,2,178.05
4386,16,2173.32
4425,3,2032.8799999999999
4390,1,269.96
4443,1,1579.51
4387,2,1346.97
4617,1,383.95
